           3  0.30441790000000002     
           4  0.16659160000000001     
           5  0.10417090000000000     
           6   7.1009900000000001E-002
           7   5.1521900000000002E-002
           8   3.8879999999999998E-002
           9   3.0323699999999999E-002
          10   2.4284300000000002E-002
          11   1.9900899999999999E-002
          12   1.6589699999999999E-002
          13   1.4015800000000000E-002
          14   1.1958399999999999E-002
          15   1.0373800000000001E-002
          16   9.0480999999999999E-003
          17   7.9495999999999994E-003
          18   7.0751000000000000E-003
          19   6.3052000000000004E-003
          20   5.6785000000000004E-003
          21   5.1111000000000004E-003
          22   4.6575999999999996E-003
          23   4.2588000000000001E-003
          24   3.8463000000000000E-003
          25   3.5281000000000002E-003
          26   3.2639000000000001E-003
          27   3.0286000000000002E-003
          28   2.7992999999999998E-003
          29   2.5877000000000001E-003
          30   2.4256999999999998E-003
          31   2.2453999999999998E-003
          32   2.0988999999999999E-003
          33   1.9745000000000001E-003
          34   1.8724000000000000E-003
          35   1.7671000000000000E-003
          36   1.6354000000000000E-003
          37   1.5513000000000000E-003
          38   1.4725999999999999E-003
          39   1.4013999999999999E-003
          40   1.3319000000000000E-003
          41   1.2604999999999999E-003
          42   1.1764000000000000E-003
          43   1.1351000000000000E-003
          44   1.0750000000000000E-003
          45   1.0326000000000001E-003
          46   9.8029999999999992E-004
          47   9.4050000000000004E-004
          48   9.0939999999999999E-004
          49   8.6819999999999996E-004
          50   8.2450000000000004E-004
          51   8.1570000000000004E-004
          52   7.6990000000000001E-004
          53   7.1570000000000000E-004
          54   7.0279999999999995E-004
          55   6.8490000000000001E-004
          56   6.4280000000000001E-004
          57   6.3009999999999997E-004
          58   6.0289999999999996E-004
          59   5.9480000000000004E-004
          60   5.7280000000000005E-004
          61   5.3830000000000002E-004
          62   5.1719999999999999E-004
          63   5.2059999999999997E-004
          64   5.0710000000000002E-004
          65   4.7780000000000001E-004
          66   4.5970000000000001E-004
          67   4.4230000000000002E-004
          68   4.2600000000000000E-004
          69   4.1980000000000001E-004
          70   4.0979999999999999E-004
          71   3.9790000000000002E-004
          72   3.7579999999999997E-004
          73   3.6539999999999999E-004
          74   3.6380000000000001E-004
          75   3.5040000000000001E-004
          76   3.4689999999999998E-004
          77   3.3799999999999998E-004
          78   3.2420000000000002E-004
          79   3.1680000000000000E-004
          80   3.0620000000000002E-004
          81   3.0210000000000002E-004
          82   2.8959999999999999E-004
          83   2.8140000000000001E-004
          84   2.7799999999999998E-004
          85   2.7349999999999998E-004
          86   2.5809999999999999E-004
          87   2.6229999999999998E-004
          88   2.5650000000000000E-004
          89   2.4410000000000000E-004
          90   2.4790000000000001E-004
          91   2.3850000000000000E-004
          92   2.2709999999999999E-004
          93   2.1570000000000001E-004
          94   2.1790000000000001E-004
          95   2.1410000000000000E-004
          96   2.1800000000000001E-004
          97   2.0049999999999999E-004
          98   1.9860000000000000E-004
          99   2.0660000000000001E-004
         100   1.9589999999999999E-004
         101   1.9090000000000001E-004
         102   1.8579999999999999E-004
         103   1.8520000000000000E-004
         104   1.7880000000000001E-004
         105   1.8340000000000001E-004
         106   1.7490000000000000E-004
         107   1.6300000000000000E-004
         108   1.6310000000000001E-004
         109   1.5730000000000000E-004
         110   1.5459999999999999E-004
         111   1.5349999999999999E-004
         112   1.4930000000000000E-004
         113   1.5650000000000001E-004
         114   1.4700000000000000E-004
         115   1.4119999999999999E-004
         116   1.4030000000000000E-004
         117   1.3530000000000001E-004
         118   1.3710000000000000E-004
         119   1.3459999999999999E-004
         120   1.3040000000000000E-004
         121   1.2850000000000001E-004
         122   1.2500000000000000E-004
         123   1.3380000000000000E-004
         124   1.2300000000000001E-004
         125   1.2380000000000000E-004
         126   1.1930000000000000E-004
         127   1.1959999999999999E-004
         128   1.1410000000000000E-004
         129   1.1300000000000000E-004
         130   1.1210000000000000E-004
         131   1.1179999999999999E-004
         132   1.0569999999999999E-004
         133   1.0250000000000000E-004
         134   1.0119999999999999E-004
         135   9.6600000000000003E-005
         136   1.0459999999999999E-004
         137   9.7499999999999998E-005
         138   1.0050000000000000E-004
         139   9.7700000000000003E-005
         140   9.0799999999999998E-005
         141   9.3700000000000001E-005
         142   9.5299999999999999E-005
         143   8.6899999999999998E-005
         144   9.0099999999999995E-005
         145   8.9699999999999998E-005
         146   8.8800000000000004E-005
         147   8.8800000000000004E-005
         148   7.9800000000000002E-005
         149   8.4699999999999999E-005
         150   8.6100000000000006E-005
         151   8.6399999999999999E-005
         152   8.5000000000000006E-005
         153   7.5599999999999994E-005
         154   7.6500000000000003E-005
         155   7.9800000000000002E-005
         156   7.3999999999999996E-005
         157   7.4099999999999999E-005
         158   7.2700000000000005E-005
         159   7.1199999999999996E-005
         160   7.4800000000000002E-005
         161   7.3399999999999995E-005
         162   6.7700000000000006E-005
         163   7.0099999999999996E-005
         164   7.1699999999999995E-005
         165   6.3299999999999994E-005
         166   6.6099999999999994E-005
         167   6.7899999999999997E-005
         168   6.2199999999999994E-005
         169   6.1600000000000007E-005
         170   5.8900000000000002E-005
         171   6.6000000000000005E-005
         172   6.3399999999999996E-005
         173   6.4900000000000005E-005
         174   5.7800000000000002E-005
         175   5.9799999999999997E-005
         176   5.8000000000000000E-005
         177   5.5300000000000002E-005
         178   5.6100000000000002E-005
         179   5.4799999999999997E-005
         180   5.3100000000000003E-005
         181   5.1600000000000001E-005
         182   5.4400000000000001E-005
         183   5.0899999999999997E-005
         184   5.8699999999999997E-005
         185   5.2299999999999997E-005
         186   5.1499999999999998E-005
         187   5.1900000000000001E-005
         188   4.8600000000000002E-005
         189   5.1499999999999998E-005
         190   4.9200000000000003E-005
         191   4.5599999999999997E-005
         192   4.8399999999999997E-005
         193   4.7599999999999998E-005
         194   4.8300000000000002E-005
         195   4.4100000000000001E-005
         196   4.4799999999999998E-005
         197   4.7100000000000000E-005
         198   4.0599999999999998E-005
         199   4.4799999999999998E-005
         200   4.7899999999999999E-005
         201   4.2599999999999999E-005
         202   4.5200000000000001E-005
         203   4.1300000000000001E-005
         204   4.2400000000000001E-005
         205   4.3200000000000000E-005
         206   4.5099999999999998E-005
         207   4.0500000000000002E-005
         208   4.2299999999999998E-005
         209   4.3399999999999998E-005
         210   4.0500000000000002E-005
         211   3.9100000000000002E-005
         212   4.1300000000000001E-005
         213   4.1800000000000000E-005
         214   3.8200000000000000E-005
         215   3.9400000000000002E-005
         216   3.8000000000000002E-005
         217   3.5500000000000002E-005
         218   3.5800000000000003E-005
         219   4.0700000000000000E-005
         220   3.8200000000000000E-005
         221   3.5099999999999999E-005
         222   3.7700000000000002E-005
         223   3.6300000000000001E-005
         224   3.3200000000000001E-005
         225   3.4900000000000001E-005
         226   3.1199999999999999E-005
         227   3.4199999999999998E-005
         228   3.5299999999999997E-005
         229   3.5299999999999997E-005
         230   3.5700000000000000E-005
         231   3.4000000000000000E-005
         232   3.2299999999999999E-005
         233   3.4499999999999998E-005
         234   3.5299999999999997E-005
         235   3.1500000000000000E-005
         236   3.0199999999999999E-005
         237   3.3099999999999998E-005
         238   3.1099999999999997E-005
         239   3.4300000000000000E-005
         240   3.1600000000000002E-005
         241   3.0700000000000001E-005
         242   3.2600000000000000E-005
         243   2.9700000000000000E-005
         244   3.2900000000000000E-005
         245   2.6900000000000000E-005
         246   2.8700000000000000E-005
         247   2.7900000000000001E-005
         248   2.7399999999999999E-005
         249   2.9099999999999999E-005
         250   2.7800000000000001E-005
         251   2.8300000000000000E-005
         252   2.6999999999999999E-005
         253   2.8500000000000002E-005
         254   2.7399999999999999E-005
         255   2.9200000000000002E-005
         256   2.5800000000000000E-005
         257   2.4499999999999999E-005
         258   3.0599999999999998E-005
         259   2.5000000000000001E-005
         260   2.6500000000000000E-005
         261   2.7600000000000000E-005
         262   2.4700000000000001E-005
         263   2.4499999999999999E-005
         264   2.5700000000000001E-005
         265   2.6299999999999999E-005
         266   2.9000000000000000E-005
         267   2.7600000000000000E-005
         268   2.4199999999999999E-005
         269   2.3900000000000002E-005
         270   2.3600000000000001E-005
         271   2.4800000000000000E-005
         272   2.0599999999999999E-005
         273   2.1800000000000001E-005
         274   2.1800000000000001E-005
         275   2.1600000000000000E-005
         276   2.5000000000000001E-005
         277   2.3600000000000001E-005
         278   2.3700000000000000E-005
         279   2.5999999999999998E-005
         280   2.1699999999999999E-005
         281   2.3900000000000002E-005
         282   2.4300000000000001E-005
         283   2.1299999999999999E-005
         284   2.2300000000000000E-005
         285   1.9899999999999999E-005
         286   2.2900000000000001E-005
         287   1.9800000000000000E-005
         288   1.9400000000000001E-005
         289   2.0500000000000000E-005
         290   2.0800000000000001E-005
         291   1.7799999999999999E-005
         292   2.2500000000000001E-005
         293   1.8099999999999999E-005
         294   1.7300000000000000E-005
         295   2.1500000000000001E-005
         296   1.7700000000000000E-005
         297   1.8300000000000001E-005
         298   2.0400000000000001E-005
         299   1.9000000000000001E-005
         300   2.1299999999999999E-005
         301   1.9400000000000001E-005
         302   1.6600000000000000E-005
         303   1.9400000000000001E-005
         304   1.8199999999999999E-005
         305   1.9300000000000002E-005
         306   1.9700000000000001E-005
         307   2.0200000000000000E-005
         308   2.1299999999999999E-005
         309   1.8199999999999999E-005
         310   1.7000000000000000E-005
         311   1.6099999999999998E-005
         312   1.7200000000000001E-005
         313   1.7300000000000000E-005
         314   1.5400000000000002E-005
         315   1.7300000000000000E-005
         316   1.7200000000000001E-005
         317   1.7000000000000000E-005
         318   1.6099999999999998E-005
         319   1.7099999999999999E-005
         320   1.7200000000000001E-005
         321   1.6500000000000001E-005
         322   1.7099999999999999E-005
         323   1.4500000000000000E-005
         324   1.5200000000000000E-005
         325   1.5699999999999999E-005
         326   1.6399999999999999E-005
         327   1.7000000000000000E-005
         328   1.6200000000000001E-005
         329   1.5099999999999999E-005
         330   1.7300000000000000E-005
         331   1.6099999999999998E-005
         332   1.5400000000000002E-005
         333   1.6300000000000000E-005
         334   1.6300000000000000E-005
         335   1.4700000000000000E-005
         336   1.3300000000000000E-005
         337   1.5299999999999999E-005
         338   1.6799999999999998E-005
         339   1.5400000000000002E-005
         340   1.3100000000000000E-005
         341   1.3300000000000000E-005
         342   1.2600000000000000E-005
         343   1.5099999999999999E-005
         344   1.3200000000000001E-005
         345   1.5099999999999999E-005
         346   1.4300000000000000E-005
         347   1.5400000000000002E-005
         348   1.4600000000000001E-005
         349   1.3200000000000001E-005
         350   1.5900000000000000E-005
         351   1.2400000000000000E-005
         352   1.2000000000000000E-005
         353   1.5099999999999999E-005
         354   1.2400000000000000E-005
         355   1.3800000000000000E-005
         356   1.2400000000000000E-005
         357   1.5600000000000000E-005
         358   1.4700000000000000E-005
         359   1.3200000000000001E-005
         360   1.2500000000000001E-005
         361   1.1800000000000001E-005
         362   1.5299999999999999E-005
         363   1.1300000000000000E-005
         364   1.1700000000000000E-005
         365   1.3499999999999999E-005
         366   1.0800000000000000E-005
         367   1.3200000000000001E-005
         368   1.1300000000000000E-005
         369   1.3300000000000000E-005
         370   1.1300000000000000E-005
         371   1.2000000000000000E-005
         372   1.1600000000000001E-005
         373   1.3100000000000000E-005
         374   1.2600000000000000E-005
         375   1.2600000000000000E-005
         376   1.1700000000000000E-005
         377   1.0699999999999999E-005
         378   1.3300000000000000E-005
         379   9.9000000000000001E-006
         380   1.1199999999999999E-005
         381   1.1700000000000000E-005
         382   1.2200000000000000E-005
         383   1.0400000000000000E-005
         384   1.0100000000000000E-005
         385   1.2700000000000000E-005
         386   1.1100000000000000E-005
         387   1.0000000000000001E-005
         388   1.1199999999999999E-005
         389   1.2600000000000000E-005
         390   1.1399999999999999E-005
         391   1.2200000000000000E-005
         392   1.0100000000000000E-005
         393   9.7999999999999993E-006
         394   1.2300000000000001E-005
         395   9.2000000000000000E-006
         396   1.0900000000000001E-005
         397   1.0699999999999999E-005
         398   1.1100000000000000E-005
         399   1.0800000000000000E-005
         400   1.2400000000000000E-005
         401   1.0499999999999999E-005
         402   8.4999999999999999E-006
         403   9.7999999999999993E-006
         404   1.0000000000000001E-005
         405   1.0000000000000001E-005
         406   9.7999999999999993E-006
         407   1.0300000000000000E-005
         408   9.9000000000000001E-006
         409   1.0499999999999999E-005
         410   1.1199999999999999E-005
         411   8.6999999999999997E-006
         412   1.2099999999999999E-005
         413   1.0499999999999999E-005
         414   8.1000000000000004E-006
         415   8.6999999999999997E-006
         416   1.0699999999999999E-005
         417   9.3000000000000007E-006
         418   8.6000000000000007E-006
         419   1.0000000000000001E-005
         420   9.5000000000000005E-006
         421   9.7000000000000003E-006
         422   9.3000000000000007E-006
         423   7.9000000000000006E-006
         424   9.2000000000000000E-006
         425   8.4999999999999999E-006
         426   9.7999999999999993E-006
         427   1.0800000000000000E-005
         428   8.8999999999999995E-006
         429   1.0499999999999999E-005
         430   9.7000000000000003E-006
         431   1.0900000000000001E-005
         432   8.1999999999999994E-006
         433   7.0999999999999998E-006
         434   9.9000000000000001E-006
         435   7.5000000000000002E-006
         436   8.4999999999999999E-006
         437   9.0999999999999993E-006
         438   9.5999999999999996E-006
         439   9.2000000000000000E-006
         440   8.3999999999999992E-006
         441   9.0000000000000002E-006
         442   1.1199999999999999E-005
         443   9.5999999999999996E-006
         444   8.8000000000000004E-006
         445   7.7999999999999999E-006
         446   9.0000000000000002E-006
         447   7.3000000000000004E-006
         448   9.3000000000000007E-006
         449   8.3999999999999992E-006
         450   8.3000000000000002E-006
         451   8.6000000000000007E-006
         452   7.9999999999999996E-006
         453   8.6000000000000007E-006
         454   7.9000000000000006E-006
         455   8.1000000000000004E-006
         456   6.7000000000000002E-006
         457   7.4000000000000003E-006
         458   8.3000000000000002E-006
         459   7.7000000000000008E-006
         460   8.4999999999999999E-006
         461   7.7000000000000008E-006
         462   7.3000000000000004E-006
         463   6.3999999999999997E-006
         464   8.3000000000000002E-006
         465   8.4999999999999999E-006
         466   7.5000000000000002E-006
         467   7.0999999999999998E-006
         468   8.3999999999999992E-006
         469   8.1999999999999994E-006
         470   6.1000000000000000E-006
         471   7.7999999999999999E-006
         472   7.7000000000000008E-006
         473   7.4000000000000003E-006
         474   6.9999999999999999E-006
         475   7.7999999999999999E-006
         476   8.6999999999999997E-006
         477   6.1999999999999999E-006
         478   6.6000000000000003E-006
         479   8.3999999999999992E-006
         480   7.4000000000000003E-006
         481   7.4000000000000003E-006
         482   7.9999999999999996E-006
         483   6.6000000000000003E-006
         484   8.8000000000000004E-006
         485   7.9000000000000006E-006
         486   6.8000000000000001E-006
         487   7.3000000000000004E-006
         488   7.3000000000000004E-006
         489   7.9000000000000006E-006
         490   7.5000000000000002E-006
         491   7.1999999999999997E-006
         492   8.1000000000000004E-006
         493   6.2999999999999998E-006
         494   5.8000000000000004E-006
         495   7.1999999999999997E-006
         496   7.9999999999999996E-006
         497   4.3000000000000003E-006
         498   6.1000000000000000E-006
         499   6.6000000000000003E-006
         500   8.3999999999999992E-006
         501   7.7999999999999999E-006
         502   7.1999999999999997E-006
         503   6.8000000000000001E-006
         504   5.6999999999999996E-006
         505   7.3000000000000004E-006
         506   6.0000000000000002E-006
         507   6.7000000000000002E-006
         508   6.8000000000000001E-006
         509   6.3999999999999997E-006
         510   6.9999999999999999E-006
         511   5.8000000000000004E-006
         512   6.1999999999999999E-006
         513   6.1999999999999999E-006
         514   6.1000000000000000E-006
         515   6.1000000000000000E-006
         516   6.8000000000000001E-006
         517   7.3000000000000004E-006
         518   7.3000000000000004E-006
         519   6.7000000000000002E-006
         520   6.0000000000000002E-006
         521   5.8000000000000004E-006
         522   5.1000000000000003E-006
         523   7.7999999999999999E-006
         524   5.9000000000000003E-006
         525   5.9000000000000003E-006
         526   5.4999999999999999E-006
         527   4.7999999999999998E-006
         528   6.2999999999999998E-006
         529   4.8999999999999997E-006
         530   6.6000000000000003E-006
         531   5.4999999999999999E-006
         532   4.8999999999999997E-006
         533   5.8000000000000004E-006
         534   6.4999999999999996E-006
         535   5.8000000000000004E-006
         536   5.4000000000000000E-006
         537   6.1000000000000000E-006
         538   6.1000000000000000E-006
         539   5.6999999999999996E-006
         540   5.3000000000000001E-006
         541   7.0999999999999998E-006
         542   5.4000000000000000E-006
         543   5.1000000000000003E-006
         544   5.4999999999999999E-006
         545   6.0000000000000002E-006
         546   5.0000000000000004E-006
         547   5.4000000000000000E-006
         548   5.9000000000000003E-006
         549   5.8000000000000004E-006
         550   5.3000000000000001E-006
         551   5.0000000000000004E-006
         552   5.4000000000000000E-006
         553   4.8999999999999997E-006
         554   6.6000000000000003E-006
         555   5.1000000000000003E-006
         556   5.8000000000000004E-006
         557   4.3000000000000003E-006
         558   5.4999999999999999E-006
         559   3.5999999999999998E-006
         560   5.4000000000000000E-006
         561   4.8999999999999997E-006
         562   6.6000000000000003E-006
         563   4.3000000000000003E-006
         564   3.4999999999999999E-006
         565   5.3000000000000001E-006
         566   5.1000000000000003E-006
         567   5.8000000000000004E-006
         568   5.6999999999999996E-006
         569   4.3000000000000003E-006
         570   4.6999999999999999E-006
         571   4.6000000000000000E-006
         572   5.3000000000000001E-006
         573   5.3000000000000001E-006
         574   3.9999999999999998E-006
         575   6.2999999999999998E-006
         576   3.9999999999999998E-006
         577   5.3000000000000001E-006
         578   4.8999999999999997E-006
         579   5.6999999999999996E-006
         580   5.0000000000000004E-006
         581   4.3000000000000003E-006
         582   4.3000000000000003E-006
         583   4.8999999999999997E-006
         584   4.1999999999999996E-006
         585   3.4999999999999999E-006
         586   4.6999999999999999E-006
         587   4.1999999999999996E-006
         588   3.8999999999999999E-006
         589   3.5999999999999998E-006
         590   4.4000000000000002E-006
         591   4.5000000000000001E-006
         592   4.8999999999999997E-006
         593   3.8999999999999999E-006
         594   5.0000000000000004E-006
         595   4.5000000000000001E-006
         596   3.7000000000000002E-006
         597   4.8999999999999997E-006
         598   3.8999999999999999E-006
         599   3.9999999999999998E-006
         600   3.4999999999999999E-006
         601   3.7000000000000002E-006
         602   5.2000000000000002E-006
         603   4.7999999999999998E-006
         604   5.0000000000000004E-006
         605   5.6999999999999996E-006
         606   3.4999999999999999E-006
         607   3.1000000000000000E-006
         608   3.4000000000000001E-006
         609   4.3000000000000003E-006
         610   3.8999999999999999E-006
         611   5.4000000000000000E-006
         612   3.7000000000000002E-006
         613   4.0999999999999997E-006
         614   4.1999999999999996E-006
         615   3.9999999999999998E-006
         616   3.8000000000000000E-006
         617   4.3000000000000003E-006
         618   5.0000000000000004E-006
         619   3.8000000000000000E-006
         620   4.1999999999999996E-006
         621   3.8000000000000000E-006
         622   4.6999999999999999E-006
         623   3.4000000000000001E-006
         624   4.6000000000000000E-006
         625   3.1000000000000000E-006
         626   5.4000000000000000E-006
         627   3.4999999999999999E-006
         628   3.9999999999999998E-006
         629   4.4000000000000002E-006
         630   4.5000000000000001E-006
         631   4.5000000000000001E-006
         632   4.6000000000000000E-006
         633   3.4000000000000001E-006
         634   3.7000000000000002E-006
         635   3.4999999999999999E-006
         636   3.8000000000000000E-006
         637   3.7000000000000002E-006
         638   3.4999999999999999E-006
         639   4.3000000000000003E-006
         640   3.8999999999999999E-006
         641   3.9999999999999998E-006
         642   3.7000000000000002E-006
         643   4.1999999999999996E-006
         644   4.3000000000000003E-006
         645   3.4000000000000001E-006
         646   4.0999999999999997E-006
         647   3.5999999999999998E-006
         648   4.4000000000000002E-006
         649   4.4000000000000002E-006
         650   4.6000000000000000E-006
         651   4.4000000000000002E-006
         652   2.9000000000000002E-006
         653   4.6000000000000000E-006
         654   4.0999999999999997E-006
         655   3.1999999999999999E-006
         656   4.6000000000000000E-006
         657   3.1999999999999999E-006
         658   3.0000000000000001E-006
         659   3.8000000000000000E-006
         660   3.1999999999999999E-006
         661   4.6999999999999999E-006
         662   3.1000000000000000E-006
         663   3.0000000000000001E-006
         664   3.9999999999999998E-006
         665   3.1999999999999999E-006
         666   2.9000000000000002E-006
         667   3.4000000000000001E-006
         668   3.9999999999999998E-006
         669   3.3000000000000002E-006
         670   3.1000000000000000E-006
         671   3.4000000000000001E-006
         672   2.5000000000000002E-006
         673   3.9999999999999998E-006
         674   3.1000000000000000E-006
         675   3.3000000000000002E-006
         676   3.4000000000000001E-006
         677   3.8000000000000000E-006
         678   3.0000000000000001E-006
         679   4.0999999999999997E-006
         680   3.9999999999999998E-006
         681   2.7999999999999999E-006
         682   2.7999999999999999E-006
         683   3.0000000000000001E-006
         684   3.3000000000000002E-006
         685   3.4000000000000001E-006
         686   3.8999999999999999E-006
         687   3.1000000000000000E-006
         688   2.5000000000000002E-006
         689   2.5000000000000002E-006
         690   4.1999999999999996E-006
         691   3.0000000000000001E-006
         692   4.0999999999999997E-006
         693   3.0000000000000001E-006
         694   3.1000000000000000E-006
         695   2.2000000000000001E-006
         696   3.1000000000000000E-006
         697   3.3000000000000002E-006
         698   5.1000000000000003E-006
         699   3.1000000000000000E-006
         700   3.1000000000000000E-006
         701   2.9000000000000002E-006
         702   3.8000000000000000E-006
         703   3.1000000000000000E-006
         704   2.7000000000000000E-006
         705   2.6000000000000001E-006
         706   3.4999999999999999E-006
         707   3.8999999999999999E-006
         708   3.9999999999999998E-006
         709   4.3000000000000003E-006
         710   3.1999999999999999E-006
         711   2.5000000000000002E-006
         712   3.1999999999999999E-006
         713   3.3000000000000002E-006
         714   2.7000000000000000E-006
         715   2.7000000000000000E-006
         716   3.9999999999999998E-006
         717   3.4000000000000001E-006
         718   3.3000000000000002E-006
         719   2.7999999999999999E-006
         720   2.9000000000000002E-006
         721   2.3999999999999999E-006
         722   3.4000000000000001E-006
         723   3.0000000000000001E-006
         724   2.9000000000000002E-006
         725   1.9000000000000000E-006
         726   3.8000000000000000E-006
         727   3.1999999999999999E-006
         728   3.7000000000000002E-006
         729   3.1000000000000000E-006
         730   2.6000000000000001E-006
         731   2.9000000000000002E-006
         732   3.3000000000000002E-006
         733   3.0000000000000001E-006
         734   2.9000000000000002E-006
         735   2.3000000000000000E-006
         736   3.3000000000000002E-006
         737   2.9000000000000002E-006
         738   3.4999999999999999E-006
         739   3.1000000000000000E-006
         740   3.1000000000000000E-006
         741   2.7000000000000000E-006
         742   4.4000000000000002E-006
         743   2.9000000000000002E-006
         744   3.8999999999999999E-006
         745   2.0999999999999998E-006
         746   1.7999999999999999E-006
         747   2.7000000000000000E-006
         748   2.3999999999999999E-006
         749   2.7999999999999999E-006
         750   2.7999999999999999E-006
         751   2.3999999999999999E-006
         752   1.9000000000000000E-006
         753   2.6000000000000001E-006
         754   2.2000000000000001E-006
         755   3.3000000000000002E-006
         756   2.6000000000000001E-006
         757   2.7999999999999999E-006
         758   2.2000000000000001E-006
         759   2.3000000000000000E-006
         760   2.3000000000000000E-006
         761   3.1000000000000000E-006
         762   3.1000000000000000E-006
         763   2.7000000000000000E-006
         764   3.0000000000000001E-006
         765   2.3000000000000000E-006
         766   2.3000000000000000E-006
         767   3.1999999999999999E-006
         768   3.7000000000000002E-006
         769   2.7999999999999999E-006
         770   3.1999999999999999E-006
         771   1.7999999999999999E-006
         772   2.3000000000000000E-006
         773   2.6000000000000001E-006
         774   3.1000000000000000E-006
         775   1.9000000000000000E-006
         776   2.9000000000000002E-006
         777   3.1000000000000000E-006
         778   2.2000000000000001E-006
         779   3.0000000000000001E-006
         780   2.7000000000000000E-006
         781   2.3000000000000000E-006
         782   3.1000000000000000E-006
         783   2.3999999999999999E-006
         784   2.2000000000000001E-006
         785   2.0999999999999998E-006
         786   2.0999999999999998E-006
         787   3.3000000000000002E-006
         788   1.9000000000000000E-006
         789   1.9999999999999999E-006
         790   2.9000000000000002E-006
         791   2.3999999999999999E-006
         792   2.3000000000000000E-006
         793   1.9999999999999999E-006
         794   2.7999999999999999E-006
         795   3.1999999999999999E-006
         796   2.0999999999999998E-006
         797   2.6000000000000001E-006
         798   2.3999999999999999E-006
         799   1.9000000000000000E-006
         800   1.5999999999999999E-006
         801   3.1999999999999999E-006
         802   2.7999999999999999E-006
         803   1.1000000000000001E-006
         804   1.9999999999999999E-006
         805   2.2000000000000001E-006
         806   1.9000000000000000E-006
         807   1.7999999999999999E-006
         808   2.7000000000000000E-006
         809   3.3000000000000002E-006
         810   2.3999999999999999E-006
         811   1.5999999999999999E-006
         812   2.7999999999999999E-006
         813   2.7000000000000000E-006
         814   2.0999999999999998E-006
         815   2.0999999999999998E-006
         816   2.7000000000000000E-006
         817   1.9999999999999999E-006
         818   2.3000000000000000E-006
         819   2.7999999999999999E-006
         820   2.6000000000000001E-006
         821   3.1999999999999999E-006
         822   2.2000000000000001E-006
         823   3.1999999999999999E-006
         824   1.7999999999999999E-006
         825   2.0999999999999998E-006
         826   3.1999999999999999E-006
         827   1.9000000000000000E-006
         828   1.7999999999999999E-006
         829   1.9999999999999999E-006
         830   2.9000000000000002E-006
         831   2.3000000000000000E-006
         832   2.7999999999999999E-006
         833   2.6000000000000001E-006
         834   2.5000000000000002E-006
         835   1.7999999999999999E-006
         836   1.9000000000000000E-006
         837   2.5000000000000002E-006
         838   2.0999999999999998E-006
         839   2.3999999999999999E-006
         840   1.9999999999999999E-006
         841   2.0999999999999998E-006
         842   2.3999999999999999E-006
         843   2.2000000000000001E-006
         844   2.2000000000000001E-006
         845   2.3000000000000000E-006
         846   2.5000000000000002E-006
         847   1.9000000000000000E-006
         848   1.7999999999999999E-006
         849   1.9999999999999999E-006
         850   2.0999999999999998E-006
         851   2.0999999999999998E-006
         852   1.3999999999999999E-006
         853   1.7999999999999999E-006
         854   2.3000000000000000E-006
         855   1.9000000000000000E-006
         856   2.3999999999999999E-006
         857   2.3999999999999999E-006
         858   1.7000000000000000E-006
         859   1.3999999999999999E-006
         860   2.6000000000000001E-006
         861   2.6000000000000001E-006
         862   1.9999999999999999E-006
         863   1.9000000000000000E-006
         864   2.7999999999999999E-006
         865   1.9999999999999999E-006
         866   2.5000000000000002E-006
         867   2.6000000000000001E-006
         868   1.7000000000000000E-006
         869   3.0000000000000001E-006
         870   1.7999999999999999E-006
         871   1.5000000000000000E-006
         872   1.9999999999999999E-006
         873   2.3999999999999999E-006
         874   1.5000000000000000E-006
         875   1.9999999999999999E-006
         876   2.3000000000000000E-006
         877   2.3999999999999999E-006
         878   1.9000000000000000E-006
         879   2.5000000000000002E-006
         880   2.5000000000000002E-006
         881   1.9000000000000000E-006
         882   2.0999999999999998E-006
         883   2.3000000000000000E-006
         884   2.2000000000000001E-006
         885   1.7000000000000000E-006
         886   1.5999999999999999E-006
         887   2.3000000000000000E-006
         888   2.6000000000000001E-006
         889   2.2000000000000001E-006
         890   1.5999999999999999E-006
         891   2.2000000000000001E-006
         892   1.3000000000000000E-006
         893   2.3000000000000000E-006
         894   2.3999999999999999E-006
         895   2.0999999999999998E-006
         896   1.3999999999999999E-006
         897   1.7999999999999999E-006
         898   1.7000000000000000E-006
         899   1.5999999999999999E-006
         900   2.3999999999999999E-006
         901   2.0999999999999998E-006
         902   1.7000000000000000E-006
         903   2.3999999999999999E-006
         904   1.7000000000000000E-006
         905   2.6000000000000001E-006
         906   2.0999999999999998E-006
         907   1.5000000000000000E-006
         908   1.5999999999999999E-006
         909   2.2000000000000001E-006
         910   2.2000000000000001E-006
         911   2.0999999999999998E-006
         912   1.7000000000000000E-006
         913   1.5000000000000000E-006
         914   2.2000000000000001E-006
         915   1.3000000000000000E-006
         916   1.3999999999999999E-006
         917   1.7000000000000000E-006
         918   2.2000000000000001E-006
         919   1.7000000000000000E-006
         920   1.7999999999999999E-006
         921   1.9000000000000000E-006
         922   1.5999999999999999E-006
         923   1.9999999999999999E-006
         924   1.1000000000000001E-006
         925   2.3999999999999999E-006
         926   1.1000000000000001E-006
         927   1.7999999999999999E-006
         928   1.9000000000000000E-006
         929   1.7999999999999999E-006
         930   1.5999999999999999E-006
         931   1.7999999999999999E-006
         932   2.3000000000000000E-006
         933   1.3999999999999999E-006
         934   2.0999999999999998E-006
         935   2.3000000000000000E-006
         936   2.3999999999999999E-006
         937   1.7999999999999999E-006
         938   1.9999999999999999E-006
         939   1.5999999999999999E-006
         940   1.7999999999999999E-006
         941   2.3999999999999999E-006
         942   1.9000000000000000E-006
         943   1.9999999999999999E-006
         944   2.7000000000000000E-006
         945   1.5000000000000000E-006
         946   2.3999999999999999E-006
         947   1.5000000000000000E-006
         948   2.0999999999999998E-006
         949   1.9000000000000000E-006
         950   1.7000000000000000E-006
         951   1.5000000000000000E-006
         952   1.7000000000000000E-006
         953   1.5000000000000000E-006
         954   2.0999999999999998E-006
         955   1.5000000000000000E-006
         956   1.7999999999999999E-006
         957   1.7999999999999999E-006
         958   2.5000000000000002E-006
         959   1.7999999999999999E-006
         960   1.9000000000000000E-006
         961   1.7999999999999999E-006
         962   1.5999999999999999E-006
         963   1.7000000000000000E-006
         964   2.0999999999999998E-006
         965   1.1000000000000001E-006
         966   2.0999999999999998E-006
         967   1.5000000000000000E-006
         968   1.3000000000000000E-006
         969   1.3999999999999999E-006
         970   1.5000000000000000E-006
         971   2.2000000000000001E-006
         972   1.7999999999999999E-006
         973   2.7999999999999999E-006
         974   2.3000000000000000E-006
         975   1.1999999999999999E-006
         976   1.7999999999999999E-006
         977   1.9000000000000000E-006
         978   1.5999999999999999E-006
         979   1.1000000000000001E-006
         980   1.1999999999999999E-006
         981   1.5000000000000000E-006
         982   1.1000000000000001E-006
         983   1.1999999999999999E-006
         984   1.5999999999999999E-006
         985   1.1999999999999999E-006
         986   1.9000000000000000E-006
         987   1.1000000000000001E-006
         988   1.1000000000000001E-006
         989   1.7000000000000000E-006
         990   1.5999999999999999E-006
         991   1.5999999999999999E-006
         992   1.3999999999999999E-006
         993   9.9999999999999995E-007
         994   1.5000000000000000E-006
         995   1.1999999999999999E-006
         996   1.3000000000000000E-006
         997   1.3000000000000000E-006
         998   1.7999999999999999E-006
         999   1.7999999999999999E-006
        1000   1.7999999999999999E-006
        1001   1.7999999999999999E-006
        1002   1.3999999999999999E-006
        1003   9.9999999999999995E-007
        1004   1.7000000000000000E-006
        1005   1.5999999999999999E-006
        1006   1.3999999999999999E-006
        1007   1.5000000000000000E-006
        1008   1.5000000000000000E-006
        1009   1.5000000000000000E-006
        1010   1.1000000000000001E-006
        1011   9.9999999999999995E-007
        1012   2.0999999999999998E-006
        1013   7.9999999999999996E-007
        1014   1.5999999999999999E-006
        1015   1.5999999999999999E-006
        1016   1.5000000000000000E-006
        1017   1.3999999999999999E-006
        1018   1.7000000000000000E-006
        1019   1.3000000000000000E-006
        1020   1.1999999999999999E-006
        1021   1.1999999999999999E-006
        1022   1.9999999999999999E-006
        1023   1.3000000000000000E-006
        1024   1.9999999999999999E-006
        1025   1.7000000000000000E-006
        1026   8.9999999999999996E-007
        1027   1.5000000000000000E-006
        1028   1.3999999999999999E-006
        1029   1.9000000000000000E-006
        1030   1.1000000000000001E-006
        1031   6.9999999999999997E-007
        1032   1.3000000000000000E-006
        1033   1.3999999999999999E-006
        1034   1.3000000000000000E-006
        1035   1.7000000000000000E-006
        1036   1.3000000000000000E-006
        1037   1.1999999999999999E-006
        1038   7.9999999999999996E-007
        1039   9.9999999999999995E-007
        1040   1.7999999999999999E-006
        1041   1.1999999999999999E-006
        1042   8.9999999999999996E-007
        1043   1.1000000000000001E-006
        1044   8.9999999999999996E-007
        1045   1.7999999999999999E-006
        1046   7.9999999999999996E-007
        1047   1.1000000000000001E-006
        1048   1.5999999999999999E-006
        1049   1.7000000000000000E-006
        1050   1.1000000000000001E-006
        1051   1.3000000000000000E-006
        1052   4.9999999999999998E-007
        1053   1.3000000000000000E-006
        1054   1.5000000000000000E-006
        1055   1.5999999999999999E-006
        1056   2.0999999999999998E-006
        1057   9.9999999999999995E-007
        1058   1.3999999999999999E-006
        1059   1.7999999999999999E-006
        1060   1.5000000000000000E-006
        1061   1.1999999999999999E-006
        1062   1.1000000000000001E-006
        1063   1.1999999999999999E-006
        1064   2.0999999999999998E-006
        1065   1.5000000000000000E-006
        1066   6.9999999999999997E-007
        1067   1.3999999999999999E-006
        1068   1.1999999999999999E-006
        1069   1.5999999999999999E-006
        1070   1.3000000000000000E-006
        1071   1.1000000000000001E-006
        1072   1.9000000000000000E-006
        1073   1.5999999999999999E-006
        1074   1.1999999999999999E-006
        1075   8.9999999999999996E-007
        1076   1.5999999999999999E-006
        1077   7.9999999999999996E-007
        1078   1.1000000000000001E-006
        1079   1.9999999999999999E-006
        1080   8.9999999999999996E-007
        1081   6.9999999999999997E-007
        1082   1.3999999999999999E-006
        1083   1.9999999999999999E-006
        1084   1.1000000000000001E-006
        1085   1.5000000000000000E-006
        1086   1.9000000000000000E-006
        1087   1.3999999999999999E-006
        1088   9.9999999999999995E-007
        1089   1.7000000000000000E-006
        1090   1.5000000000000000E-006
        1091   1.5000000000000000E-006
        1092   1.5999999999999999E-006
        1093   1.3000000000000000E-006
        1094   2.2000000000000001E-006
        1095   1.3999999999999999E-006
        1096   9.9999999999999995E-007
        1097   1.3000000000000000E-006
        1098   1.1999999999999999E-006
        1099   1.1999999999999999E-006
        1100   1.7999999999999999E-006
        1101   5.9999999999999997E-007
        1102   1.5000000000000000E-006
        1103   1.3999999999999999E-006
        1104   1.7000000000000000E-006
        1105   1.7000000000000000E-006
        1106   1.5000000000000000E-006
        1107   1.3999999999999999E-006
        1108   1.1999999999999999E-006
        1109   1.1999999999999999E-006
        1110   1.3999999999999999E-006
        1111   1.1000000000000001E-006
        1112   1.3000000000000000E-006
        1113   8.9999999999999996E-007
        1114   6.9999999999999997E-007
        1115   8.9999999999999996E-007
        1116   5.9999999999999997E-007
        1117   1.3000000000000000E-006
        1118   8.9999999999999996E-007
        1119   1.1999999999999999E-006
        1120   6.9999999999999997E-007
        1121   1.3999999999999999E-006
        1122   1.1999999999999999E-006
        1123   1.1000000000000001E-006
        1124   7.9999999999999996E-007
        1125   1.1000000000000001E-006
        1126   1.3999999999999999E-006
        1127   4.9999999999999998E-007
        1128   1.1999999999999999E-006
        1129   4.9999999999999998E-007
        1130   8.9999999999999996E-007
        1131   1.1999999999999999E-006
        1132   1.5999999999999999E-006
        1133   9.9999999999999995E-007
        1134   1.1999999999999999E-006
        1135   9.9999999999999995E-007
        1136   8.9999999999999996E-007
        1137   1.1999999999999999E-006
        1138   6.9999999999999997E-007
        1139   1.5000000000000000E-006
        1140   1.5000000000000000E-006
        1141   1.3999999999999999E-006
        1142   1.5999999999999999E-006
        1143   1.3999999999999999E-006
        1144   1.7999999999999999E-006
        1145   1.1999999999999999E-006
        1146   8.9999999999999996E-007
        1147   1.3000000000000000E-006
        1148   9.9999999999999995E-007
        1149   9.9999999999999995E-007
        1150   1.1000000000000001E-006
        1151   1.7000000000000000E-006
        1152   1.1999999999999999E-006
        1153   9.9999999999999995E-007
        1154   1.5000000000000000E-006
        1155   1.1000000000000001E-006
        1156   1.3999999999999999E-006
        1157   7.9999999999999996E-007
        1158   1.1999999999999999E-006
        1159   8.9999999999999996E-007
        1160   4.9999999999999998E-007
        1161   9.9999999999999995E-007
        1162   7.9999999999999996E-007
        1163   1.1999999999999999E-006
        1164   1.3000000000000000E-006
        1165   9.9999999999999995E-007
        1166   6.9999999999999997E-007
        1167   9.9999999999999995E-007
        1168   7.9999999999999996E-007
        1169   1.1999999999999999E-006
        1170   1.1999999999999999E-006
        1171   1.1000000000000001E-006
        1172   1.7000000000000000E-006
        1173   6.9999999999999997E-007
        1174   9.9999999999999995E-007
        1175   1.1000000000000001E-006
        1176   7.9999999999999996E-007
        1177   8.9999999999999996E-007
        1178   9.9999999999999995E-008
        1179   1.1000000000000001E-006
        1180   9.9999999999999995E-007
        1181   8.9999999999999996E-007
        1182   1.3999999999999999E-006
        1183   1.3999999999999999E-006
        1184   5.9999999999999997E-007
        1185   9.9999999999999995E-007
        1186   8.9999999999999996E-007
        1187   8.9999999999999996E-007
        1188   5.9999999999999997E-007
        1189   1.1999999999999999E-006
        1190   1.7000000000000000E-006
        1191   1.1999999999999999E-006
        1192   1.1000000000000001E-006
        1193   7.9999999999999996E-007
        1194   3.9999999999999998E-007
        1195   1.1000000000000001E-006
        1196   9.9999999999999995E-007
        1197   1.7000000000000000E-006
        1198   9.9999999999999995E-007
        1199   9.9999999999999995E-007
        1200   1.1999999999999999E-006
        1201   1.3999999999999999E-006
        1202   9.9999999999999995E-007
        1203   1.7000000000000000E-006
        1204   1.3000000000000000E-006
        1205   1.5999999999999999E-006
        1206   7.9999999999999996E-007
        1207   9.9999999999999995E-007
        1208   9.9999999999999995E-007
        1209   1.1999999999999999E-006
        1210   5.9999999999999997E-007
        1211   6.9999999999999997E-007
        1212   9.9999999999999995E-007
        1213   1.3000000000000000E-006
        1214   3.9999999999999998E-007
        1215   9.9999999999999995E-007
        1216   6.9999999999999997E-007
        1217   6.9999999999999997E-007
        1218   1.1999999999999999E-006
        1219   8.9999999999999996E-007
        1220   1.1999999999999999E-006
        1221   8.9999999999999996E-007
        1222   8.9999999999999996E-007
        1223   1.1000000000000001E-006
        1224   1.3000000000000000E-006
        1225   4.9999999999999998E-007
        1226   1.1000000000000001E-006
        1227   1.1000000000000001E-006
        1228   5.9999999999999997E-007
        1229   6.9999999999999997E-007
        1230   5.9999999999999997E-007
        1231   9.9999999999999995E-007
        1232   1.3000000000000000E-006
        1233   7.9999999999999996E-007
        1234   5.9999999999999997E-007
        1235   8.9999999999999996E-007
        1236   7.9999999999999996E-007
        1237   7.9999999999999996E-007
        1238   7.9999999999999996E-007
        1239   3.9999999999999998E-007
        1240   3.9999999999999998E-007
        1241   8.9999999999999996E-007
        1242   7.9999999999999996E-007
        1243   6.9999999999999997E-007
        1244   2.9999999999999999E-007
        1245   7.9999999999999996E-007
        1246   1.5000000000000000E-006
        1247   6.9999999999999997E-007
        1248   3.9999999999999998E-007
        1249   8.9999999999999996E-007
        1250   6.9999999999999997E-007
        1251   1.1000000000000001E-006
        1252   1.3000000000000000E-006
        1253   7.9999999999999996E-007
        1254   8.9999999999999996E-007
        1255   8.9999999999999996E-007
        1256   1.7999999999999999E-006
        1257   9.9999999999999995E-007
        1258   1.1000000000000001E-006
        1259   8.9999999999999996E-007
        1260   9.9999999999999995E-007
        1261   5.9999999999999997E-007
        1262   9.9999999999999995E-007
        1263   5.9999999999999997E-007
        1264   1.1000000000000001E-006
        1265   8.9999999999999996E-007
        1266   1.1000000000000001E-006
        1267   9.9999999999999995E-007
        1268   8.9999999999999996E-007
        1269   9.9999999999999995E-007
        1270   4.9999999999999998E-007
        1271   1.3000000000000000E-006
        1272   3.9999999999999998E-007
        1273   5.9999999999999997E-007
        1274   8.9999999999999996E-007
        1275   5.9999999999999997E-007
        1276   6.9999999999999997E-007
        1277   7.9999999999999996E-007
        1278   6.9999999999999997E-007
        1279   7.9999999999999996E-007
        1280   9.9999999999999995E-007
        1281   6.9999999999999997E-007
        1282   7.9999999999999996E-007
        1283   7.9999999999999996E-007
        1284   1.1000000000000001E-006
        1285   1.7000000000000000E-006
        1286   8.9999999999999996E-007
        1287   1.1999999999999999E-006
        1288   8.9999999999999996E-007
        1289   1.3000000000000000E-006
        1290   9.9999999999999995E-007
        1291   7.9999999999999996E-007
        1292   6.9999999999999997E-007
        1293   8.9999999999999996E-007
        1294   7.9999999999999996E-007
        1295   9.9999999999999995E-007
        1296   3.9999999999999998E-007
        1297   9.9999999999999995E-007
        1298   5.9999999999999997E-007
        1299   1.5999999999999999E-006
        1300   9.9999999999999995E-007
        1301   3.9999999999999998E-007
        1302   3.9999999999999998E-007
        1303   7.9999999999999996E-007
        1304   1.5000000000000000E-006
        1305   1.1000000000000001E-006
        1306   5.9999999999999997E-007
        1307   8.9999999999999996E-007
        1308   6.9999999999999997E-007
        1309   5.9999999999999997E-007
        1310   1.5000000000000000E-006
        1311   9.9999999999999995E-007
        1312   8.9999999999999996E-007
        1313   8.9999999999999996E-007
        1314   8.9999999999999996E-007
        1315   1.1999999999999999E-006
        1316   8.9999999999999996E-007
        1317   9.9999999999999995E-007
        1318   4.9999999999999998E-007
        1319   1.3000000000000000E-006
        1320   7.9999999999999996E-007
        1321   9.9999999999999995E-007
        1322   8.9999999999999996E-007
        1323   1.5000000000000000E-006
        1324   5.9999999999999997E-007
        1325   6.9999999999999997E-007
        1326   7.9999999999999996E-007
        1327   9.9999999999999995E-007
        1328   7.9999999999999996E-007
        1329   4.9999999999999998E-007
        1330   6.9999999999999997E-007
        1331   7.9999999999999996E-007
        1332   8.9999999999999996E-007
        1333   8.9999999999999996E-007
        1334   7.9999999999999996E-007
        1335   1.1000000000000001E-006
        1336   8.9999999999999996E-007
        1337   9.9999999999999995E-007
        1338   6.9999999999999997E-007
        1339   6.9999999999999997E-007
        1340   4.9999999999999998E-007
        1341   7.9999999999999996E-007
        1342   1.1000000000000001E-006
        1343   1.3000000000000000E-006
        1344   5.9999999999999997E-007
        1345   6.9999999999999997E-007
        1346   1.1000000000000001E-006
        1347   7.9999999999999996E-007
        1348   9.9999999999999995E-007
        1349   9.9999999999999995E-008
        1350   4.9999999999999998E-007
        1351   7.9999999999999996E-007
        1352   6.9999999999999997E-007
        1353   6.9999999999999997E-007
        1354   1.3000000000000000E-006
        1355   6.9999999999999997E-007
        1356   1.3000000000000000E-006
        1357   6.9999999999999997E-007
        1358   1.3000000000000000E-006
        1359   6.9999999999999997E-007
        1360   1.1000000000000001E-006
        1361   1.1999999999999999E-006
        1362   2.9999999999999999E-007
        1363   5.9999999999999997E-007
        1364   7.9999999999999996E-007
        1365   3.9999999999999998E-007
        1366   5.9999999999999997E-007
        1367   9.9999999999999995E-007
        1368   8.9999999999999996E-007
        1369   5.9999999999999997E-007
        1370   8.9999999999999996E-007
        1371   9.9999999999999995E-007
        1372   7.9999999999999996E-007
        1373   9.9999999999999995E-007
        1374   1.1000000000000001E-006
        1375   9.9999999999999995E-007
        1376   1.1000000000000001E-006
        1377   9.9999999999999995E-007
        1378   8.9999999999999996E-007
        1379   9.9999999999999995E-007
        1380   9.9999999999999995E-007
        1381   5.9999999999999997E-007
        1382   2.9999999999999999E-007
        1383   3.9999999999999998E-007
        1384   1.1999999999999999E-006
        1385   8.9999999999999996E-007
        1386   7.9999999999999996E-007
        1387   1.1000000000000001E-006
        1388   3.9999999999999998E-007
        1389   6.9999999999999997E-007
        1390   1.1999999999999999E-006
        1391   6.9999999999999997E-007
        1392   5.9999999999999997E-007
        1393   7.9999999999999996E-007
        1394   6.9999999999999997E-007
        1395   4.9999999999999998E-007
        1396   7.9999999999999996E-007
        1397   7.9999999999999996E-007
        1398   4.9999999999999998E-007
        1399   4.9999999999999998E-007
        1400   7.9999999999999996E-007
        1401   6.9999999999999997E-007
        1402   6.9999999999999997E-007
        1403   5.9999999999999997E-007
        1404   6.9999999999999997E-007
        1405   8.9999999999999996E-007
        1406   5.9999999999999997E-007
        1407   6.9999999999999997E-007
        1408   7.9999999999999996E-007
        1409   1.3000000000000000E-006
        1410   1.9999999999999999E-007
        1411   8.9999999999999996E-007
        1412   5.9999999999999997E-007
        1413   5.9999999999999997E-007
        1414   7.9999999999999996E-007
        1415   4.9999999999999998E-007
        1416   7.9999999999999996E-007
        1417   7.9999999999999996E-007
        1418   6.9999999999999997E-007
        1419   4.9999999999999998E-007
        1420   7.9999999999999996E-007
        1421   4.9999999999999998E-007
        1422   1.9999999999999999E-007
        1423   7.9999999999999996E-007
        1424   9.9999999999999995E-008
        1425   7.9999999999999996E-007
        1426   9.9999999999999995E-007
        1427   4.9999999999999998E-007
        1428   3.9999999999999998E-007
        1429   6.9999999999999997E-007
        1430   2.9999999999999999E-007
        1431   9.9999999999999995E-007
        1432   6.9999999999999997E-007
        1433   1.1000000000000001E-006
        1434   6.9999999999999997E-007
        1435   1.9999999999999999E-007
        1436   1.1999999999999999E-006
        1437   6.9999999999999997E-007
        1438   8.9999999999999996E-007
        1439   5.9999999999999997E-007
        1440   9.9999999999999995E-007
        1441   1.1999999999999999E-006
        1442   1.1000000000000001E-006
        1443   6.9999999999999997E-007
        1444   3.9999999999999998E-007
        1445   8.9999999999999996E-007
        1446   6.9999999999999997E-007
        1447   4.9999999999999998E-007
        1448   5.9999999999999997E-007
        1449   1.1999999999999999E-006
        1450   3.9999999999999998E-007
        1451   6.9999999999999997E-007
        1452   5.9999999999999997E-007
        1453   9.9999999999999995E-007
        1454   9.9999999999999995E-007
        1455   7.9999999999999996E-007
        1456   4.9999999999999998E-007
        1457   6.9999999999999997E-007
        1458   9.9999999999999995E-007
        1459   6.9999999999999997E-007
        1460   5.9999999999999997E-007
        1461   7.9999999999999996E-007
        1462   6.9999999999999997E-007
        1463   8.9999999999999996E-007
        1464   2.9999999999999999E-007
        1465   5.9999999999999997E-007
        1466   8.9999999999999996E-007
        1467   6.9999999999999997E-007
        1468   2.9999999999999999E-007
        1469   5.9999999999999997E-007
        1470   4.9999999999999998E-007
        1471   1.1000000000000001E-006
        1472   4.9999999999999998E-007
        1473   6.9999999999999997E-007
        1474   1.1999999999999999E-006
        1475   6.9999999999999997E-007
        1476   1.9999999999999999E-007
        1477   8.9999999999999996E-007
        1478   1.9999999999999999E-007
        1479   6.9999999999999997E-007
        1480   6.9999999999999997E-007
        1481   5.9999999999999997E-007
        1482   1.1000000000000001E-006
        1483   4.9999999999999998E-007
        1484   9.9999999999999995E-007
        1485   5.9999999999999997E-007
        1486   4.9999999999999998E-007
        1487   4.9999999999999998E-007
        1488   1.1999999999999999E-006
        1489   4.9999999999999998E-007
        1490   1.5000000000000000E-006
        1491   6.9999999999999997E-007
        1492   4.9999999999999998E-007
        1493   3.9999999999999998E-007
        1494   3.9999999999999998E-007
        1495   5.9999999999999997E-007
        1496   9.9999999999999995E-007
        1497   8.9999999999999996E-007
        1498   5.9999999999999997E-007
        1499   1.9999999999999999E-007
        1500   6.9999999999999997E-007
        1501   3.9999999999999998E-007
        1502   5.9999999999999997E-007
        1503   7.9999999999999996E-007
        1504   5.9999999999999997E-007
        1505   3.9999999999999998E-007
        1506   8.9999999999999996E-007
        1507   3.9999999999999998E-007
        1508   4.9999999999999998E-007
        1509   1.9999999999999999E-007
        1510   5.9999999999999997E-007
        1511   4.9999999999999998E-007
        1512   5.9999999999999997E-007
        1513   7.9999999999999996E-007
        1514   6.9999999999999997E-007
        1515   1.1000000000000001E-006
        1516   8.9999999999999996E-007
        1517   9.9999999999999995E-008
        1518   8.9999999999999996E-007
        1519   6.9999999999999997E-007
        1520   5.9999999999999997E-007
        1521   5.9999999999999997E-007
        1522   3.9999999999999998E-007
        1523   2.9999999999999999E-007
        1524   7.9999999999999996E-007
        1525   1.3999999999999999E-006
        1526   1.1000000000000001E-006
        1527   2.9999999999999999E-007
        1528   6.9999999999999997E-007
        1529   3.9999999999999998E-007
        1530   5.9999999999999997E-007
        1531   4.9999999999999998E-007
        1532   5.9999999999999997E-007
        1533   4.9999999999999998E-007
        1534   4.9999999999999998E-007
        1535   5.9999999999999997E-007
        1536   1.9999999999999999E-007
        1537   4.9999999999999998E-007
        1538   5.9999999999999997E-007
        1539   1.1999999999999999E-006
        1540   7.9999999999999996E-007
        1541   9.9999999999999995E-007
        1542   6.9999999999999997E-007
        1543   6.9999999999999997E-007
        1544   8.9999999999999996E-007
        1545   2.9999999999999999E-007
        1546   9.9999999999999995E-008
        1547   4.9999999999999998E-007
        1548   4.9999999999999998E-007
        1549   3.9999999999999998E-007
        1550   5.9999999999999997E-007
        1551   7.9999999999999996E-007
        1552   8.9999999999999996E-007
        1553   4.9999999999999998E-007
        1554   5.9999999999999997E-007
        1555   4.9999999999999998E-007
        1556   5.9999999999999997E-007
        1557   9.9999999999999995E-007
        1558   3.9999999999999998E-007
        1559   6.9999999999999997E-007
        1560   3.9999999999999998E-007
        1561   7.9999999999999996E-007
        1562   6.9999999999999997E-007
        1563   8.9999999999999996E-007
        1564   9.9999999999999995E-008
        1565   5.9999999999999997E-007
        1566   6.9999999999999997E-007
        1567   9.9999999999999995E-007
        1568   8.9999999999999996E-007
        1569   6.9999999999999997E-007
        1570   4.9999999999999998E-007
        1571   6.9999999999999997E-007
        1572   6.9999999999999997E-007
        1573   2.9999999999999999E-007
        1574   8.9999999999999996E-007
        1575   4.9999999999999998E-007
        1576   4.9999999999999998E-007
        1577   8.9999999999999996E-007
        1578   1.1999999999999999E-006
        1579   8.9999999999999996E-007
        1580   6.9999999999999997E-007
        1581   1.9999999999999999E-007
        1582   7.9999999999999996E-007
        1583   2.9999999999999999E-007
        1584   5.9999999999999997E-007
        1585   4.9999999999999998E-007
        1586   9.9999999999999995E-007
        1587   5.9999999999999997E-007
        1588   6.9999999999999997E-007
        1589   7.9999999999999996E-007
        1590   3.9999999999999998E-007
        1591   3.9999999999999998E-007
        1592   4.9999999999999998E-007
        1593   6.9999999999999997E-007
        1594   9.9999999999999995E-007
        1595   3.9999999999999998E-007
        1596   7.9999999999999996E-007
        1597   6.9999999999999997E-007
        1598   1.1000000000000001E-006
        1599   4.9999999999999998E-007
        1600   3.9999999999999998E-007
        1601   4.9999999999999998E-007
        1602   5.9999999999999997E-007
        1603   3.9999999999999998E-007
        1604   1.1000000000000001E-006
        1605   3.9999999999999998E-007
        1606   5.9999999999999997E-007
        1607   8.9999999999999996E-007
        1608   4.9999999999999998E-007
        1609   5.9999999999999997E-007
        1610   9.9999999999999995E-008
        1611   4.9999999999999998E-007
        1612   7.9999999999999996E-007
        1613   5.9999999999999997E-007
        1614   6.9999999999999997E-007
        1615   2.9999999999999999E-007
        1616   4.9999999999999998E-007
        1617   5.9999999999999997E-007
        1618   7.9999999999999996E-007
        1619   6.9999999999999997E-007
        1620   1.9999999999999999E-007
        1621   9.9999999999999995E-008
        1622   3.9999999999999998E-007
        1623   6.9999999999999997E-007
        1624   8.9999999999999996E-007
        1625   7.9999999999999996E-007
        1626   4.9999999999999998E-007
        1627   6.9999999999999997E-007
        1628   1.9999999999999999E-007
        1629   5.9999999999999997E-007
        1630   2.9999999999999999E-007
        1631   5.9999999999999997E-007
        1632   4.9999999999999998E-007
        1633   7.9999999999999996E-007
        1634   2.9999999999999999E-007
        1635   7.9999999999999996E-007
        1636   5.9999999999999997E-007
        1637   6.9999999999999997E-007
        1638   9.9999999999999995E-008
        1639   4.9999999999999998E-007
        1640   5.9999999999999997E-007
        1641   1.1999999999999999E-006
        1642   7.9999999999999996E-007
        1643   4.9999999999999998E-007
        1644   5.9999999999999997E-007
        1645   2.9999999999999999E-007
        1646   3.9999999999999998E-007
        1647   6.9999999999999997E-007
        1648   6.9999999999999997E-007
        1649   5.9999999999999997E-007
        1650   5.9999999999999997E-007
        1651   4.9999999999999998E-007
        1652   5.9999999999999997E-007
        1653   2.9999999999999999E-007
        1654   6.9999999999999997E-007
        1655   1.9999999999999999E-007
        1656   6.9999999999999997E-007
        1657   7.9999999999999996E-007
        1658   5.9999999999999997E-007
        1659   5.9999999999999997E-007
        1660   8.9999999999999996E-007
        1661   2.9999999999999999E-007
        1662   1.9999999999999999E-007
        1663   2.9999999999999999E-007
        1664   4.9999999999999998E-007
        1665   1.9999999999999999E-007
        1666   3.9999999999999998E-007
        1667   5.9999999999999997E-007
        1668   5.9999999999999997E-007
        1669   1.9999999999999999E-007
        1670   2.9999999999999999E-007
        1671   2.9999999999999999E-007
        1672   7.9999999999999996E-007
        1673   8.9999999999999996E-007
        1674   1.9999999999999999E-007
        1675   6.9999999999999997E-007
        1676   5.9999999999999997E-007
        1677   4.9999999999999998E-007
        1678   1.9999999999999999E-007
        1679   8.9999999999999996E-007
        1680   8.9999999999999996E-007
        1681   2.9999999999999999E-007
        1682   9.9999999999999995E-007
        1683   4.9999999999999998E-007
        1684   2.9999999999999999E-007
        1685   3.9999999999999998E-007
        1686   2.9999999999999999E-007
        1687   6.9999999999999997E-007
        1688   6.9999999999999997E-007
        1689   4.9999999999999998E-007
        1690   3.9999999999999998E-007
        1691   5.9999999999999997E-007
        1692   2.9999999999999999E-007
        1693   1.9999999999999999E-007
        1694   3.9999999999999998E-007
        1695   4.9999999999999998E-007
        1696   5.9999999999999997E-007
        1697   4.9999999999999998E-007
        1698   5.9999999999999997E-007
        1699   5.9999999999999997E-007
        1700   5.9999999999999997E-007
        1701   9.9999999999999995E-007
        1702   4.9999999999999998E-007
        1703   4.9999999999999998E-007
        1704   9.9999999999999995E-007
        1705   2.9999999999999999E-007
        1706   7.9999999999999996E-007
        1707   5.9999999999999997E-007
        1708   5.9999999999999997E-007
        1709   4.9999999999999998E-007
        1710   4.9999999999999998E-007
        1711   5.9999999999999997E-007
        1712   4.9999999999999998E-007
        1713   5.9999999999999997E-007
        1714   2.9999999999999999E-007
        1715   2.9999999999999999E-007
        1716   2.9999999999999999E-007
        1717   8.9999999999999996E-007
        1718   1.9999999999999999E-007
        1719   5.9999999999999997E-007
        1720   2.9999999999999999E-007
        1721   2.9999999999999999E-007
        1722   2.9999999999999999E-007
        1723   3.9999999999999998E-007
        1724   5.9999999999999997E-007
        1725   4.9999999999999998E-007
        1726   8.9999999999999996E-007
        1727   3.9999999999999998E-007
        1728   6.9999999999999997E-007
        1729   4.9999999999999998E-007
        1730   1.1000000000000001E-006
        1731   2.9999999999999999E-007
        1732   1.9999999999999999E-007
        1733   7.9999999999999996E-007
        1734   6.9999999999999997E-007
        1735   3.9999999999999998E-007
        1736   1.9999999999999999E-007
        1737   7.9999999999999996E-007
        1738   4.9999999999999998E-007
        1739   7.9999999999999996E-007
        1740   6.9999999999999997E-007
        1741   3.9999999999999998E-007
        1742   6.9999999999999997E-007
        1743   1.9999999999999999E-007
        1744   3.9999999999999998E-007
        1745   3.9999999999999998E-007
        1746   5.9999999999999997E-007
        1747   2.9999999999999999E-007
        1748   3.9999999999999998E-007
        1749   2.9999999999999999E-007
        1750   9.9999999999999995E-008
        1751   5.9999999999999997E-007
        1752   3.9999999999999998E-007
        1753   5.9999999999999997E-007
        1754   3.9999999999999998E-007
        1755   3.9999999999999998E-007
        1756   6.9999999999999997E-007
        1757   5.9999999999999997E-007
        1758   5.9999999999999997E-007
        1759   7.9999999999999996E-007
        1760   7.9999999999999996E-007
        1761   6.9999999999999997E-007
        1762   3.9999999999999998E-007
        1763   5.9999999999999997E-007
        1765   4.9999999999999998E-007
        1766   3.9999999999999998E-007
        1767   4.9999999999999998E-007
        1768   3.9999999999999998E-007
        1769   5.9999999999999997E-007
        1770   3.9999999999999998E-007
        1771   9.9999999999999995E-008
        1772   1.9999999999999999E-007
        1773   7.9999999999999996E-007
        1774   2.9999999999999999E-007
        1775   3.9999999999999998E-007
        1776   2.9999999999999999E-007
        1777   3.9999999999999998E-007
        1778   7.9999999999999996E-007
        1779   9.9999999999999995E-008
        1780   1.1000000000000001E-006
        1781   9.9999999999999995E-008
        1782   5.9999999999999997E-007
        1783   9.9999999999999995E-008
        1784   1.9999999999999999E-007
        1785   3.9999999999999998E-007
        1786   3.9999999999999998E-007
        1787   4.9999999999999998E-007
        1788   2.9999999999999999E-007
        1789   4.9999999999999998E-007
        1790   5.9999999999999997E-007
        1791   6.9999999999999997E-007
        1792   1.9999999999999999E-007
        1793   5.9999999999999997E-007
        1794   3.9999999999999998E-007
        1795   4.9999999999999998E-007
        1796   7.9999999999999996E-007
        1797   7.9999999999999996E-007
        1798   9.9999999999999995E-008
        1799   4.9999999999999998E-007
        1800   3.9999999999999998E-007
        1801   9.9999999999999995E-007
        1802   5.9999999999999997E-007
        1803   1.9999999999999999E-007
        1804   9.9999999999999995E-008
        1805   1.9999999999999999E-007
        1806   5.9999999999999997E-007
        1807   5.9999999999999997E-007
        1808   6.9999999999999997E-007
        1810   2.9999999999999999E-007
        1811   4.9999999999999998E-007
        1812   4.9999999999999998E-007
        1813   2.9999999999999999E-007
        1814   5.9999999999999997E-007
        1815   3.9999999999999998E-007
        1816   5.9999999999999997E-007
        1817   1.9999999999999999E-007
        1818   5.9999999999999997E-007
        1819   2.9999999999999999E-007
        1820   4.9999999999999998E-007
        1821   4.9999999999999998E-007
        1822   2.9999999999999999E-007
        1823   2.9999999999999999E-007
        1824   6.9999999999999997E-007
        1825   2.9999999999999999E-007
        1826   1.9999999999999999E-007
        1827   5.9999999999999997E-007
        1828   5.9999999999999997E-007
        1829   2.9999999999999999E-007
        1830   2.9999999999999999E-007
        1831   2.9999999999999999E-007
        1832   2.9999999999999999E-007
        1833   4.9999999999999998E-007
        1834   9.9999999999999995E-008
        1835   8.9999999999999996E-007
        1836   5.9999999999999997E-007
        1837   4.9999999999999998E-007
        1838   1.9999999999999999E-007
        1839   9.9999999999999995E-008
        1840   6.9999999999999997E-007
        1841   4.9999999999999998E-007
        1842   5.9999999999999997E-007
        1843   7.9999999999999996E-007
        1844   4.9999999999999998E-007
        1845   2.9999999999999999E-007
        1846   4.9999999999999998E-007
        1847   3.9999999999999998E-007
        1848   2.9999999999999999E-007
        1849   7.9999999999999996E-007
        1850   1.9999999999999999E-007
        1851   3.9999999999999998E-007
        1852   2.9999999999999999E-007
        1853   9.9999999999999995E-008
        1854   2.9999999999999999E-007
        1855   5.9999999999999997E-007
        1856   6.9999999999999997E-007
        1857   5.9999999999999997E-007
        1858   5.9999999999999997E-007
        1859   2.9999999999999999E-007
        1860   3.9999999999999998E-007
        1861   4.9999999999999998E-007
        1862   2.9999999999999999E-007
        1863   2.9999999999999999E-007
        1864   3.9999999999999998E-007
        1865   4.9999999999999998E-007
        1866   3.9999999999999998E-007
        1867   3.9999999999999998E-007
        1868   2.9999999999999999E-007
        1869   6.9999999999999997E-007
        1870   4.9999999999999998E-007
        1871   1.9999999999999999E-007
        1872   7.9999999999999996E-007
        1873   3.9999999999999998E-007
        1874   4.9999999999999998E-007
        1875   2.9999999999999999E-007
        1876   2.9999999999999999E-007
        1877   7.9999999999999996E-007
        1878   9.9999999999999995E-008
        1879   2.9999999999999999E-007
        1880   7.9999999999999996E-007
        1881   5.9999999999999997E-007
        1882   1.9999999999999999E-007
        1883   3.9999999999999998E-007
        1884   4.9999999999999998E-007
        1885   1.9999999999999999E-007
        1886   6.9999999999999997E-007
        1887   2.9999999999999999E-007
        1888   3.9999999999999998E-007
        1889   3.9999999999999998E-007
        1890   4.9999999999999998E-007
        1891   6.9999999999999997E-007
        1892   1.9999999999999999E-007
        1893   3.9999999999999998E-007
        1894   2.9999999999999999E-007
        1895   2.9999999999999999E-007
        1896   1.9999999999999999E-007
        1897   3.9999999999999998E-007
        1898   5.9999999999999997E-007
        1899   2.9999999999999999E-007
        1900   2.9999999999999999E-007
        1901   1.9999999999999999E-007
        1902   4.9999999999999998E-007
        1903   1.9999999999999999E-007
        1904   6.9999999999999997E-007
        1905   4.9999999999999998E-007
        1906   1.9999999999999999E-007
        1907   9.9999999999999995E-008
        1908   1.9999999999999999E-007
        1909   9.9999999999999995E-008
        1910   3.9999999999999998E-007
        1911   5.9999999999999997E-007
        1912   4.9999999999999998E-007
        1913   6.9999999999999997E-007
        1914   3.9999999999999998E-007
        1915   2.9999999999999999E-007
        1916   1.9999999999999999E-007
        1917   7.9999999999999996E-007
        1918   4.9999999999999998E-007
        1919   1.9999999999999999E-007
        1920   2.9999999999999999E-007
        1921   2.9999999999999999E-007
        1922   3.9999999999999998E-007
        1923   7.9999999999999996E-007
        1924   7.9999999999999996E-007
        1925   5.9999999999999997E-007
        1926   1.9999999999999999E-007
        1927   2.9999999999999999E-007
        1928   5.9999999999999997E-007
        1929   2.9999999999999999E-007
        1930   1.9999999999999999E-007
        1931   2.9999999999999999E-007
        1932   4.9999999999999998E-007
        1933   2.9999999999999999E-007
        1934   4.9999999999999998E-007
        1935   3.9999999999999998E-007
        1936   9.9999999999999995E-008
        1937   4.9999999999999998E-007
        1938   3.9999999999999998E-007
        1939   2.9999999999999999E-007
        1940   3.9999999999999998E-007
        1941   4.9999999999999998E-007
        1942   3.9999999999999998E-007
        1943   1.9999999999999999E-007
        1944   3.9999999999999998E-007
        1945   5.9999999999999997E-007
        1946   4.9999999999999998E-007
        1947   7.9999999999999996E-007
        1948   3.9999999999999998E-007
        1949   5.9999999999999997E-007
        1950   3.9999999999999998E-007
        1951   2.9999999999999999E-007
        1952   3.9999999999999998E-007
        1953   2.9999999999999999E-007
        1954   2.9999999999999999E-007
        1955   3.9999999999999998E-007
        1956   3.9999999999999998E-007
        1957   2.9999999999999999E-007
        1958   9.9999999999999995E-008
        1959   6.9999999999999997E-007
        1960   9.9999999999999995E-008
        1961   4.9999999999999998E-007
        1962   2.9999999999999999E-007
        1963   5.9999999999999997E-007
        1964   2.9999999999999999E-007
        1965   8.9999999999999996E-007
        1966   2.9999999999999999E-007
        1967   4.9999999999999998E-007
        1968   1.9999999999999999E-007
        1969   9.9999999999999995E-008
        1970   2.9999999999999999E-007
        1971   3.9999999999999998E-007
        1972   1.9999999999999999E-007
        1973   4.9999999999999998E-007
        1974   2.9999999999999999E-007
        1975   6.9999999999999997E-007
        1976   9.9999999999999995E-008
        1977   3.9999999999999998E-007
        1978   2.9999999999999999E-007
        1980   3.9999999999999998E-007
        1981   2.9999999999999999E-007
        1982   5.9999999999999997E-007
        1983   5.9999999999999997E-007
        1984   2.9999999999999999E-007
        1985   4.9999999999999998E-007
        1986   9.9999999999999995E-008
        1987   1.9999999999999999E-007
        1988   1.9999999999999999E-007
        1989   5.9999999999999997E-007
        1990   1.9999999999999999E-007
        1991   1.9999999999999999E-007
        1992   6.9999999999999997E-007
        1993   1.9999999999999999E-007
        1994   6.9999999999999997E-007
        1995   3.9999999999999998E-007
        1996   2.9999999999999999E-007
        1997   4.9999999999999998E-007
        1998   9.9999999999999995E-008
        1999   3.9999999999999998E-007
        2000   4.9999999999999998E-007
        2001   3.9999999999999998E-007
        2002   2.9999999999999999E-007
        2003   3.9999999999999998E-007
        2004   4.9999999999999998E-007
        2005   1.9999999999999999E-007
        2006   4.9999999999999998E-007
        2007   2.9999999999999999E-007
        2008   5.9999999999999997E-007
        2009   1.9999999999999999E-007
        2010   1.9999999999999999E-007
        2011   3.9999999999999998E-007
        2012   4.9999999999999998E-007
        2013   9.9999999999999995E-008
        2014   1.9999999999999999E-007
        2015   5.9999999999999997E-007
        2016   1.9999999999999999E-007
        2017   1.9999999999999999E-007
        2018   5.9999999999999997E-007
        2019   4.9999999999999998E-007
        2020   8.9999999999999996E-007
        2021   5.9999999999999997E-007
        2022   9.9999999999999995E-008
        2023   1.9999999999999999E-007
        2024   3.9999999999999998E-007
        2026   2.9999999999999999E-007
        2027   2.9999999999999999E-007
        2028   2.9999999999999999E-007
        2029   2.9999999999999999E-007
        2030   4.9999999999999998E-007
        2031   1.9999999999999999E-007
        2032   1.9999999999999999E-007
        2033   9.9999999999999995E-008
        2034   2.9999999999999999E-007
        2035   1.9999999999999999E-007
        2036   2.9999999999999999E-007
        2037   1.9999999999999999E-007
        2038   2.9999999999999999E-007
        2039   3.9999999999999998E-007
        2040   2.9999999999999999E-007
        2041   2.9999999999999999E-007
        2042   5.9999999999999997E-007
        2043   2.9999999999999999E-007
        2044   4.9999999999999998E-007
        2045   4.9999999999999998E-007
        2046   2.9999999999999999E-007
        2047   6.9999999999999997E-007
        2048   9.9999999999999995E-008
        2049   6.9999999999999997E-007
        2050   1.9999999999999999E-007
        2051   3.9999999999999998E-007
        2052   2.9999999999999999E-007
        2053   3.9999999999999998E-007
        2054   6.9999999999999997E-007
        2055   2.9999999999999999E-007
        2056   4.9999999999999998E-007
        2057   3.9999999999999998E-007
        2058   3.9999999999999998E-007
        2059   4.9999999999999998E-007
        2060   3.9999999999999998E-007
        2061   3.9999999999999998E-007
        2062   9.9999999999999995E-008
        2063   2.9999999999999999E-007
        2064   3.9999999999999998E-007
        2065   3.9999999999999998E-007
        2066   9.9999999999999995E-008
        2067   3.9999999999999998E-007
        2068   2.9999999999999999E-007
        2069   3.9999999999999998E-007
        2070   9.9999999999999995E-008
        2071   3.9999999999999998E-007
        2072   1.9999999999999999E-007
        2073   4.9999999999999998E-007
        2074   2.9999999999999999E-007
        2075   3.9999999999999998E-007
        2076   5.9999999999999997E-007
        2077   2.9999999999999999E-007
        2078   7.9999999999999996E-007
        2079   1.9999999999999999E-007
        2080   2.9999999999999999E-007
        2081   1.9999999999999999E-007
        2082   3.9999999999999998E-007
        2083   3.9999999999999998E-007
        2084   1.9999999999999999E-007
        2085   3.9999999999999998E-007
        2086   3.9999999999999998E-007
        2087   5.9999999999999997E-007
        2088   2.9999999999999999E-007
        2089   1.9999999999999999E-007
        2090   2.9999999999999999E-007
        2091   1.9999999999999999E-007
        2092   9.9999999999999995E-008
        2093   1.9999999999999999E-007
        2094   3.9999999999999998E-007
        2095   2.9999999999999999E-007
        2096   2.9999999999999999E-007
        2097   1.9999999999999999E-007
        2098   2.9999999999999999E-007
        2099   9.9999999999999995E-008
        2100   4.9999999999999998E-007
        2101   9.9999999999999995E-008
        2102   3.9999999999999998E-007
        2103   1.9999999999999999E-007
        2104   1.9999999999999999E-007
        2105   5.9999999999999997E-007
        2106   3.9999999999999998E-007
        2107   1.9999999999999999E-007
        2108   2.9999999999999999E-007
        2109   4.9999999999999998E-007
        2110   1.9999999999999999E-007
        2111   9.9999999999999995E-008
        2112   4.9999999999999998E-007
        2113   9.9999999999999995E-008
        2114   5.9999999999999997E-007
        2115   5.9999999999999997E-007
        2116   9.9999999999999995E-008
        2117   6.9999999999999997E-007
        2118   9.9999999999999995E-008
        2119   3.9999999999999998E-007
        2120   1.9999999999999999E-007
        2121   6.9999999999999997E-007
        2122   2.9999999999999999E-007
        2123   2.9999999999999999E-007
        2125   3.9999999999999998E-007
        2126   2.9999999999999999E-007
        2127   9.9999999999999995E-007
        2128   3.9999999999999998E-007
        2129   3.9999999999999998E-007
        2131   1.9999999999999999E-007
        2132   3.9999999999999998E-007
        2133   3.9999999999999998E-007
        2134   3.9999999999999998E-007
        2135   9.9999999999999995E-008
        2136   9.9999999999999995E-008
        2137   2.9999999999999999E-007
        2138   2.9999999999999999E-007
        2139   5.9999999999999997E-007
        2140   3.9999999999999998E-007
        2141   1.9999999999999999E-007
        2142   9.9999999999999995E-008
        2143   2.9999999999999999E-007
        2145   1.9999999999999999E-007
        2146   2.9999999999999999E-007
        2147   2.9999999999999999E-007
        2149   1.9999999999999999E-007
        2150   4.9999999999999998E-007
        2151   4.9999999999999998E-007
        2152   9.9999999999999995E-008
        2153   5.9999999999999997E-007
        2154   3.9999999999999998E-007
        2155   4.9999999999999998E-007
        2156   3.9999999999999998E-007
        2157   1.9999999999999999E-007
        2158   5.9999999999999997E-007
        2159   4.9999999999999998E-007
        2160   6.9999999999999997E-007
        2161   1.9999999999999999E-007
        2162   4.9999999999999998E-007
        2163   1.9999999999999999E-007
        2164   1.9999999999999999E-007
        2165   9.9999999999999995E-008
        2166   9.9999999999999995E-008
        2167   3.9999999999999998E-007
        2168   1.9999999999999999E-007
        2169   2.9999999999999999E-007
        2170   2.9999999999999999E-007
        2171   1.9999999999999999E-007
        2172   2.9999999999999999E-007
        2173   2.9999999999999999E-007
        2174   2.9999999999999999E-007
        2175   2.9999999999999999E-007
        2176   1.9999999999999999E-007
        2177   9.9999999999999995E-008
        2179   2.9999999999999999E-007
        2180   4.9999999999999998E-007
        2181   4.9999999999999998E-007
        2182   4.9999999999999998E-007
        2183   2.9999999999999999E-007
        2184   4.9999999999999998E-007
        2185   1.9999999999999999E-007
        2186   9.9999999999999995E-008
        2187   2.9999999999999999E-007
        2188   3.9999999999999998E-007
        2189   3.9999999999999998E-007
        2190   2.9999999999999999E-007
        2191   1.9999999999999999E-007
        2192   6.9999999999999997E-007
        2193   1.9999999999999999E-007
        2194   2.9999999999999999E-007
        2195   2.9999999999999999E-007
        2196   1.9999999999999999E-007
        2197   3.9999999999999998E-007
        2198   9.9999999999999995E-008
        2199   1.9999999999999999E-007
        2200   9.9999999999999995E-008
        2201   2.9999999999999999E-007
        2202   4.9999999999999998E-007
        2204   2.9999999999999999E-007
        2205   5.9999999999999997E-007
        2206   9.9999999999999995E-008
        2207   1.9999999999999999E-007
        2208   3.9999999999999998E-007
        2209   4.9999999999999998E-007
        2210   2.9999999999999999E-007
        2211   2.9999999999999999E-007
        2212   1.9999999999999999E-007
        2213   4.9999999999999998E-007
        2214   1.9999999999999999E-007
        2215   7.9999999999999996E-007
        2216   2.9999999999999999E-007
        2217   4.9999999999999998E-007
        2218   1.9999999999999999E-007
        2219   3.9999999999999998E-007
        2220   9.9999999999999995E-008
        2221   2.9999999999999999E-007
        2222   9.9999999999999995E-008
        2223   2.9999999999999999E-007
        2224   1.9999999999999999E-007
        2225   2.9999999999999999E-007
        2226   3.9999999999999998E-007
        2227   9.9999999999999995E-008
        2228   2.9999999999999999E-007
        2229   1.9999999999999999E-007
        2230   2.9999999999999999E-007
        2231   4.9999999999999998E-007
        2232   3.9999999999999998E-007
        2233   3.9999999999999998E-007
        2234   9.9999999999999995E-008
        2235   9.9999999999999995E-008
        2236   3.9999999999999998E-007
        2237   1.9999999999999999E-007
        2238   3.9999999999999998E-007
        2239   2.9999999999999999E-007
        2240   9.9999999999999995E-008
        2241   2.9999999999999999E-007
        2242   4.9999999999999998E-007
        2243   3.9999999999999998E-007
        2244   2.9999999999999999E-007
        2245   3.9999999999999998E-007
        2246   2.9999999999999999E-007
        2247   2.9999999999999999E-007
        2248   1.9999999999999999E-007
        2249   2.9999999999999999E-007
        2250   9.9999999999999995E-008
        2251   1.9999999999999999E-007
        2252   9.9999999999999995E-008
        2253   2.9999999999999999E-007
        2254   2.9999999999999999E-007
        2255   3.9999999999999998E-007
        2256   2.9999999999999999E-007
        2258   4.9999999999999998E-007
        2259   1.9999999999999999E-007
        2260   9.9999999999999995E-008
        2261   1.9999999999999999E-007
        2262   1.9999999999999999E-007
        2263   3.9999999999999998E-007
        2264   1.9999999999999999E-007
        2265   1.9999999999999999E-007
        2266   2.9999999999999999E-007
        2267   1.9999999999999999E-007
        2268   6.9999999999999997E-007
        2269   1.9999999999999999E-007
        2270   1.9999999999999999E-007
        2271   9.9999999999999995E-008
        2272   2.9999999999999999E-007
        2273   1.9999999999999999E-007
        2274   3.9999999999999998E-007
        2275   1.9999999999999999E-007
        2276   1.9999999999999999E-007
        2277   1.9999999999999999E-007
        2279   9.9999999999999995E-008
        2280   1.9999999999999999E-007
        2281   3.9999999999999998E-007
        2282   5.9999999999999997E-007
        2283   4.9999999999999998E-007
        2284   1.9999999999999999E-007
        2285   3.9999999999999998E-007
        2286   9.9999999999999995E-008
        2288   3.9999999999999998E-007
        2289   1.9999999999999999E-007
        2290   9.9999999999999995E-008
        2291   1.9999999999999999E-007
        2294   1.9999999999999999E-007
        2295   1.9999999999999999E-007
        2296   3.9999999999999998E-007
        2297   3.9999999999999998E-007
        2298   2.9999999999999999E-007
        2299   1.9999999999999999E-007
        2300   4.9999999999999998E-007
        2301   2.9999999999999999E-007
        2302   1.1000000000000001E-006
        2303   1.9999999999999999E-007
        2304   4.9999999999999998E-007
        2305   9.9999999999999995E-008
        2306   1.9999999999999999E-007
        2307   4.9999999999999998E-007
        2308   9.9999999999999995E-008
        2309   3.9999999999999998E-007
        2310   5.9999999999999997E-007
        2311   9.9999999999999995E-008
        2312   3.9999999999999998E-007
        2313   3.9999999999999998E-007
        2314   9.9999999999999995E-008
        2315   3.9999999999999998E-007
        2316   1.9999999999999999E-007
        2317   9.9999999999999995E-008
        2318   3.9999999999999998E-007
        2319   2.9999999999999999E-007
        2320   2.9999999999999999E-007
        2321   1.9999999999999999E-007
        2322   2.9999999999999999E-007
        2324   6.9999999999999997E-007
        2325   1.9999999999999999E-007
        2326   1.9999999999999999E-007
        2327   2.9999999999999999E-007
        2328   9.9999999999999995E-008
        2329   9.9999999999999995E-008
        2330   3.9999999999999998E-007
        2331   1.9999999999999999E-007
        2332   3.9999999999999998E-007
        2333   3.9999999999999998E-007
        2334   9.9999999999999995E-008
        2335   2.9999999999999999E-007
        2336   3.9999999999999998E-007
        2337   6.9999999999999997E-007
        2338   9.9999999999999995E-008
        2339   2.9999999999999999E-007
        2340   1.9999999999999999E-007
        2341   4.9999999999999998E-007
        2342   1.9999999999999999E-007
        2343   3.9999999999999998E-007
        2344   1.9999999999999999E-007
        2345   1.9999999999999999E-007
        2346   1.9999999999999999E-007
        2347   9.9999999999999995E-008
        2348   1.9999999999999999E-007
        2350   1.9999999999999999E-007
        2351   5.9999999999999997E-007
        2352   1.9999999999999999E-007
        2353   1.9999999999999999E-007
        2354   2.9999999999999999E-007
        2355   5.9999999999999997E-007
        2356   1.9999999999999999E-007
        2357   9.9999999999999995E-008
        2358   2.9999999999999999E-007
        2359   2.9999999999999999E-007
        2360   2.9999999999999999E-007
        2361   3.9999999999999998E-007
        2362   3.9999999999999998E-007
        2363   2.9999999999999999E-007
        2364   4.9999999999999998E-007
        2365   3.9999999999999998E-007
        2367   1.9999999999999999E-007
        2368   4.9999999999999998E-007
        2369   3.9999999999999998E-007
        2370   9.9999999999999995E-008
        2371   2.9999999999999999E-007
        2372   1.9999999999999999E-007
        2373   3.9999999999999998E-007
        2374   2.9999999999999999E-007
        2376   1.9999999999999999E-007
        2377   2.9999999999999999E-007
        2378   5.9999999999999997E-007
        2379   3.9999999999999998E-007
        2380   3.9999999999999998E-007
        2381   1.9999999999999999E-007
        2382   1.9999999999999999E-007
        2383   1.9999999999999999E-007
        2384   4.9999999999999998E-007
        2385   6.9999999999999997E-007
        2387   1.9999999999999999E-007
        2388   9.9999999999999995E-008
        2389   9.9999999999999995E-008
        2390   9.9999999999999995E-008
        2391   9.9999999999999995E-008
        2392   5.9999999999999997E-007
        2393   1.9999999999999999E-007
        2394   4.9999999999999998E-007
        2395   1.9999999999999999E-007
        2396   1.9999999999999999E-007
        2397   6.9999999999999997E-007
        2399   9.9999999999999995E-008
        2400   2.9999999999999999E-007
        2401   1.9999999999999999E-007
        2402   5.9999999999999997E-007
        2403   1.9999999999999999E-007
        2404   3.9999999999999998E-007
        2405   3.9999999999999998E-007
        2406   5.9999999999999997E-007
        2407   1.9999999999999999E-007
        2408   2.9999999999999999E-007
        2409   9.9999999999999995E-008
        2410   1.9999999999999999E-007
        2411   1.9999999999999999E-007
        2412   2.9999999999999999E-007
        2413   3.9999999999999998E-007
        2414   3.9999999999999998E-007
        2415   4.9999999999999998E-007
        2416   2.9999999999999999E-007
        2417   1.9999999999999999E-007
        2418   1.9999999999999999E-007
        2419   2.9999999999999999E-007
        2420   2.9999999999999999E-007
        2421   1.9999999999999999E-007
        2422   9.9999999999999995E-008
        2423   5.9999999999999997E-007
        2424   2.9999999999999999E-007
        2425   3.9999999999999998E-007
        2426   2.9999999999999999E-007
        2428   1.9999999999999999E-007
        2429   3.9999999999999998E-007
        2430   1.9999999999999999E-007
        2431   1.9999999999999999E-007
        2432   1.9999999999999999E-007
        2433   1.9999999999999999E-007
        2434   6.9999999999999997E-007
        2435   9.9999999999999995E-008
        2436   4.9999999999999998E-007
        2437   9.9999999999999995E-008
        2439   2.9999999999999999E-007
        2440   1.9999999999999999E-007
        2441   9.9999999999999995E-008
        2442   2.9999999999999999E-007
        2443   2.9999999999999999E-007
        2444   9.9999999999999995E-008
        2445   1.9999999999999999E-007
        2446   1.9999999999999999E-007
        2447   2.9999999999999999E-007
        2448   9.9999999999999995E-008
        2451   2.9999999999999999E-007
        2452   2.9999999999999999E-007
        2453   1.9999999999999999E-007
        2454   1.9999999999999999E-007
        2455   3.9999999999999998E-007
        2456   3.9999999999999998E-007
        2457   9.9999999999999995E-008
        2458   5.9999999999999997E-007
        2459   2.9999999999999999E-007
        2460   9.9999999999999995E-008
        2461   1.9999999999999999E-007
        2462   3.9999999999999998E-007
        2463   2.9999999999999999E-007
        2464   3.9999999999999998E-007
        2465   3.9999999999999998E-007
        2466   9.9999999999999995E-008
        2467   1.9999999999999999E-007
        2469   9.9999999999999995E-008
        2470   9.9999999999999995E-008
        2471   3.9999999999999998E-007
        2472   4.9999999999999998E-007
        2473   9.9999999999999995E-008
        2474   9.9999999999999995E-008
        2475   1.9999999999999999E-007
        2476   1.9999999999999999E-007
        2477   9.9999999999999995E-008
        2478   9.9999999999999995E-008
        2479   9.9999999999999995E-008
        2480   2.9999999999999999E-007
        2481   1.9999999999999999E-007
        2482   4.9999999999999998E-007
        2483   2.9999999999999999E-007
        2484   2.9999999999999999E-007
        2485   9.9999999999999995E-008
        2486   9.9999999999999995E-008
        2487   3.9999999999999998E-007
        2488   9.9999999999999995E-008
        2489   9.9999999999999995E-008
        2490   9.9999999999999995E-008
        2491   4.9999999999999998E-007
        2492   2.9999999999999999E-007
        2493   1.9999999999999999E-007
        2494   9.9999999999999995E-008
        2495   1.9999999999999999E-007
        2496   2.9999999999999999E-007
        2497   2.9999999999999999E-007
        2498   4.9999999999999998E-007
        2499   1.9999999999999999E-007
        2500   1.9999999999999999E-007
        2502   9.9999999999999995E-008
        2504   9.9999999999999995E-008
        2505   5.9999999999999997E-007
        2506   1.9999999999999999E-007
        2507   3.9999999999999998E-007
        2508   3.9999999999999998E-007
        2509   2.9999999999999999E-007
        2511   3.9999999999999998E-007
        2512   9.9999999999999995E-008
        2513   3.9999999999999998E-007
        2514   1.9999999999999999E-007
        2515   1.9999999999999999E-007
        2516   5.9999999999999997E-007
        2518   9.9999999999999995E-008
        2519   9.9999999999999995E-008
        2520   2.9999999999999999E-007
        2521   1.9999999999999999E-007
        2522   2.9999999999999999E-007
        2523   9.9999999999999995E-008
        2524   3.9999999999999998E-007
        2527   5.9999999999999997E-007
        2528   9.9999999999999995E-008
        2529   1.9999999999999999E-007
        2531   3.9999999999999998E-007
        2532   3.9999999999999998E-007
        2533   1.9999999999999999E-007
        2534   1.9999999999999999E-007
        2535   1.9999999999999999E-007
        2536   4.9999999999999998E-007
        2538   9.9999999999999995E-008
        2539   9.9999999999999995E-008
        2540   1.9999999999999999E-007
        2541   9.9999999999999995E-008
        2542   3.9999999999999998E-007
        2543   9.9999999999999995E-008
        2545   9.9999999999999995E-008
        2546   3.9999999999999998E-007
        2547   2.9999999999999999E-007
        2548   3.9999999999999998E-007
        2549   1.9999999999999999E-007
        2550   2.9999999999999999E-007
        2551   1.9999999999999999E-007
        2552   2.9999999999999999E-007
        2553   9.9999999999999995E-008
        2554   9.9999999999999995E-008
        2555   2.9999999999999999E-007
        2556   1.9999999999999999E-007
        2557   1.9999999999999999E-007
        2559   9.9999999999999995E-008
        2560   2.9999999999999999E-007
        2561   9.9999999999999995E-008
        2563   1.9999999999999999E-007
        2564   3.9999999999999998E-007
        2565   9.9999999999999995E-008
        2566   1.9999999999999999E-007
        2567   2.9999999999999999E-007
        2568   1.9999999999999999E-007
        2569   2.9999999999999999E-007
        2570   9.9999999999999995E-008
        2571   1.9999999999999999E-007
        2573   1.9999999999999999E-007
        2574   3.9999999999999998E-007
        2576   2.9999999999999999E-007
        2578   3.9999999999999998E-007
        2579   1.9999999999999999E-007
        2580   2.9999999999999999E-007
        2581   9.9999999999999995E-008
        2582   1.9999999999999999E-007
        2583   3.9999999999999998E-007
        2584   3.9999999999999998E-007
        2585   9.9999999999999995E-008
        2586   1.9999999999999999E-007
        2587   3.9999999999999998E-007
        2588   2.9999999999999999E-007
        2589   9.9999999999999995E-008
        2590   2.9999999999999999E-007
        2591   9.9999999999999995E-008
        2592   9.9999999999999995E-008
        2593   9.9999999999999995E-008
        2594   9.9999999999999995E-008
        2595   1.9999999999999999E-007
        2596   1.9999999999999999E-007
        2597   9.9999999999999995E-008
        2598   1.9999999999999999E-007
        2599   1.9999999999999999E-007
        2601   9.9999999999999995E-008
        2603   1.9999999999999999E-007
        2604   1.9999999999999999E-007
        2608   1.9999999999999999E-007
        2610   1.9999999999999999E-007
        2611   2.9999999999999999E-007
        2612   1.9999999999999999E-007
        2613   1.9999999999999999E-007
        2614   3.9999999999999998E-007
        2615   1.9999999999999999E-007
        2616   2.9999999999999999E-007
        2618   5.9999999999999997E-007
        2620   2.9999999999999999E-007
        2621   2.9999999999999999E-007
        2622   1.9999999999999999E-007
        2623   9.9999999999999995E-008
        2624   9.9999999999999995E-008
        2625   5.9999999999999997E-007
        2626   1.9999999999999999E-007
        2627   2.9999999999999999E-007
        2628   9.9999999999999995E-008
        2629   3.9999999999999998E-007
        2630   1.9999999999999999E-007
        2631   9.9999999999999995E-008
        2632   1.9999999999999999E-007
        2633   2.9999999999999999E-007
        2634   1.9999999999999999E-007
        2635   9.9999999999999995E-008
        2636   1.9999999999999999E-007
        2638   3.9999999999999998E-007
        2639   9.9999999999999995E-008
        2641   4.9999999999999998E-007
        2642   1.9999999999999999E-007
        2643   1.9999999999999999E-007
        2644   1.9999999999999999E-007
        2645   1.9999999999999999E-007
        2646   2.9999999999999999E-007
        2647   3.9999999999999998E-007
        2649   9.9999999999999995E-008
        2650   5.9999999999999997E-007
        2651   2.9999999999999999E-007
        2652   1.9999999999999999E-007
        2653   1.9999999999999999E-007
        2654   1.9999999999999999E-007
        2655   1.9999999999999999E-007
        2656   9.9999999999999995E-008
        2657   9.9999999999999995E-008
        2658   2.9999999999999999E-007
        2659   1.9999999999999999E-007
        2660   1.9999999999999999E-007
        2662   1.9999999999999999E-007
        2663   9.9999999999999995E-008
        2664   1.9999999999999999E-007
        2665   9.9999999999999995E-008
        2666   1.9999999999999999E-007
        2667   1.9999999999999999E-007
        2668   9.9999999999999995E-008
        2669   1.9999999999999999E-007
        2670   2.9999999999999999E-007
        2671   2.9999999999999999E-007
        2673   3.9999999999999998E-007
        2674   2.9999999999999999E-007
        2675   9.9999999999999995E-008
        2676   1.9999999999999999E-007
        2677   3.9999999999999998E-007
        2679   9.9999999999999995E-008
        2680   9.9999999999999995E-008
        2681   9.9999999999999995E-008
        2682   2.9999999999999999E-007
        2683   2.9999999999999999E-007
        2684   2.9999999999999999E-007
        2685   2.9999999999999999E-007
        2686   2.9999999999999999E-007
        2687   9.9999999999999995E-008
        2688   9.9999999999999995E-008
        2690   1.9999999999999999E-007
        2691   1.9999999999999999E-007
        2693   4.9999999999999998E-007
        2694   1.9999999999999999E-007
        2695   1.9999999999999999E-007
        2696   9.9999999999999995E-008
        2697   2.9999999999999999E-007
        2698   1.9999999999999999E-007
        2699   9.9999999999999995E-008
        2700   2.9999999999999999E-007
        2701   3.9999999999999998E-007
        2702   1.9999999999999999E-007
        2703   9.9999999999999995E-008
        2704   9.9999999999999995E-008
        2705   3.9999999999999998E-007
        2706   9.9999999999999995E-008
        2707   3.9999999999999998E-007
        2708   2.9999999999999999E-007
        2709   1.9999999999999999E-007
        2710   3.9999999999999998E-007
        2711   1.9999999999999999E-007
        2712   9.9999999999999995E-008
        2714   9.9999999999999995E-008
        2715   1.9999999999999999E-007
        2716   1.9999999999999999E-007
        2717   3.9999999999999998E-007
        2718   4.9999999999999998E-007
        2719   9.9999999999999995E-008
        2720   2.9999999999999999E-007
        2721   6.9999999999999997E-007
        2723   4.9999999999999998E-007
        2724   2.9999999999999999E-007
        2726   1.9999999999999999E-007
        2727   1.9999999999999999E-007
        2728   1.9999999999999999E-007
        2729   9.9999999999999995E-008
        2730   2.9999999999999999E-007
        2732   9.9999999999999995E-008
        2733   1.9999999999999999E-007
        2734   1.9999999999999999E-007
        2735   2.9999999999999999E-007
        2736   2.9999999999999999E-007
        2737   9.9999999999999995E-008
        2738   2.9999999999999999E-007
        2739   9.9999999999999995E-008
        2740   1.9999999999999999E-007
        2741   9.9999999999999995E-008
        2742   1.9999999999999999E-007
        2743   1.9999999999999999E-007
        2744   9.9999999999999995E-008
        2745   9.9999999999999995E-008
        2746   3.9999999999999998E-007
        2747   1.9999999999999999E-007
        2748   9.9999999999999995E-008
        2749   2.9999999999999999E-007
        2750   1.9999999999999999E-007
        2751   1.9999999999999999E-007
        2753   1.9999999999999999E-007
        2754   3.9999999999999998E-007
        2756   1.9999999999999999E-007
        2757   9.9999999999999995E-008
        2758   4.9999999999999998E-007
        2761   9.9999999999999995E-008
        2763   2.9999999999999999E-007
        2764   1.9999999999999999E-007
        2765   1.9999999999999999E-007
        2766   1.9999999999999999E-007
        2767   1.9999999999999999E-007
        2768   2.9999999999999999E-007
        2770   9.9999999999999995E-008
        2771   3.9999999999999998E-007
        2772   1.9999999999999999E-007
        2773   9.9999999999999995E-008
        2774   1.9999999999999999E-007
        2775   9.9999999999999995E-008
        2776   9.9999999999999995E-008
        2777   3.9999999999999998E-007
        2778   3.9999999999999998E-007
        2779   2.9999999999999999E-007
        2780   1.9999999999999999E-007
        2781   9.9999999999999995E-008
        2782   9.9999999999999995E-008
        2783   9.9999999999999995E-008
        2784   2.9999999999999999E-007
        2785   1.9999999999999999E-007
        2786   1.9999999999999999E-007
        2787   4.9999999999999998E-007
        2788   9.9999999999999995E-008
        2789   2.9999999999999999E-007
        2790   3.9999999999999998E-007
        2792   1.9999999999999999E-007
        2793   1.9999999999999999E-007
        2794   3.9999999999999998E-007
        2795   9.9999999999999995E-008
        2796   2.9999999999999999E-007
        2797   1.9999999999999999E-007
        2798   2.9999999999999999E-007
        2799   1.9999999999999999E-007
        2800   1.9999999999999999E-007
        2801   2.9999999999999999E-007
        2802   9.9999999999999995E-008
        2803   1.9999999999999999E-007
        2804   1.9999999999999999E-007
        2807   3.9999999999999998E-007
        2808   1.9999999999999999E-007
        2811   1.9999999999999999E-007
        2812   3.9999999999999998E-007
        2813   2.9999999999999999E-007
        2814   9.9999999999999995E-008
        2815   2.9999999999999999E-007
        2816   1.9999999999999999E-007
        2817   9.9999999999999995E-008
        2818   9.9999999999999995E-008
        2819   9.9999999999999995E-008
        2820   3.9999999999999998E-007
        2821   9.9999999999999995E-008
        2822   1.9999999999999999E-007
        2824   3.9999999999999998E-007
        2825   2.9999999999999999E-007
        2826   9.9999999999999995E-008
        2827   3.9999999999999998E-007
        2830   1.9999999999999999E-007
        2831   1.9999999999999999E-007
        2832   1.9999999999999999E-007
        2833   4.9999999999999998E-007
        2834   1.9999999999999999E-007
        2835   1.9999999999999999E-007
        2839   9.9999999999999995E-008
        2840   2.9999999999999999E-007
        2842   9.9999999999999995E-008
        2843   9.9999999999999995E-008
        2844   2.9999999999999999E-007
        2846   1.9999999999999999E-007
        2847   9.9999999999999995E-008
        2849   9.9999999999999995E-008
        2850   1.9999999999999999E-007
        2851   9.9999999999999995E-008
        2852   3.9999999999999998E-007
        2854   2.9999999999999999E-007
        2855   9.9999999999999995E-008
        2856   3.9999999999999998E-007
        2857   2.9999999999999999E-007
        2858   3.9999999999999998E-007
        2859   1.9999999999999999E-007
        2860   1.9999999999999999E-007
        2861   3.9999999999999998E-007
        2863   1.9999999999999999E-007
        2864   9.9999999999999995E-008
        2865   9.9999999999999995E-008
        2866   3.9999999999999998E-007
        2867   2.9999999999999999E-007
        2868   2.9999999999999999E-007
        2869   9.9999999999999995E-008
        2870   2.9999999999999999E-007
        2871   9.9999999999999995E-008
        2872   9.9999999999999995E-008
        2873   9.9999999999999995E-008
        2874   9.9999999999999995E-008
        2876   4.9999999999999998E-007
        2877   1.9999999999999999E-007
        2878   9.9999999999999995E-008
        2879   1.9999999999999999E-007
        2881   9.9999999999999995E-008
        2882   9.9999999999999995E-008
        2883   1.9999999999999999E-007
        2884   2.9999999999999999E-007
        2885   3.9999999999999998E-007
        2886   1.9999999999999999E-007
        2887   1.9999999999999999E-007
        2888   1.9999999999999999E-007
        2889   9.9999999999999995E-008
        2890   9.9999999999999995E-008
        2891   4.9999999999999998E-007
        2892   9.9999999999999995E-008
        2894   2.9999999999999999E-007
        2896   1.9999999999999999E-007
        2897   3.9999999999999998E-007
        2898   1.9999999999999999E-007
        2899   2.9999999999999999E-007
        2900   3.9999999999999998E-007
        2901   1.9999999999999999E-007
        2902   1.9999999999999999E-007
        2904   9.9999999999999995E-008
        2905   9.9999999999999995E-008
        2906   1.9999999999999999E-007
        2908   1.9999999999999999E-007
        2910   4.9999999999999998E-007
        2911   2.9999999999999999E-007
        2912   2.9999999999999999E-007
        2913   1.9999999999999999E-007
        2914   9.9999999999999995E-008
        2916   9.9999999999999995E-008
        2918   2.9999999999999999E-007
        2919   1.9999999999999999E-007
        2920   9.9999999999999995E-008
        2922   9.9999999999999995E-008
        2923   1.9999999999999999E-007
        2924   4.9999999999999998E-007
        2926   1.9999999999999999E-007
        2927   9.9999999999999995E-008
        2928   9.9999999999999995E-008
        2929   1.9999999999999999E-007
        2930   1.9999999999999999E-007
        2931   3.9999999999999998E-007
        2932   9.9999999999999995E-008
        2933   1.9999999999999999E-007
        2935   2.9999999999999999E-007
        2936   3.9999999999999998E-007
        2941   4.9999999999999998E-007
        2942   2.9999999999999999E-007
        2943   1.9999999999999999E-007
        2944   2.9999999999999999E-007
        2946   1.9999999999999999E-007
        2948   1.9999999999999999E-007
        2949   9.9999999999999995E-008
        2951   1.9999999999999999E-007
        2953   1.9999999999999999E-007
        2954   2.9999999999999999E-007
        2955   9.9999999999999995E-008
        2956   9.9999999999999995E-008
        2957   1.9999999999999999E-007
        2958   9.9999999999999995E-008
        2963   1.9999999999999999E-007
        2965   2.9999999999999999E-007
        2966   9.9999999999999995E-008
        2967   9.9999999999999995E-008
        2968   1.9999999999999999E-007
        2969   1.9999999999999999E-007
        2970   2.9999999999999999E-007
        2972   3.9999999999999998E-007
        2973   1.9999999999999999E-007
        2974   1.9999999999999999E-007
        2976   2.9999999999999999E-007
        2979   1.9999999999999999E-007
        2980   9.9999999999999995E-008
        2981   9.9999999999999995E-008
        2982   4.9999999999999998E-007
        2983   1.9999999999999999E-007
        2984   2.9999999999999999E-007
        2985   9.9999999999999995E-008
        2987   2.9999999999999999E-007
        2988   9.9999999999999995E-008
        2990   9.9999999999999995E-008
        2993   1.9999999999999999E-007
        2994   3.9999999999999998E-007
        2995   9.9999999999999995E-008
        2996   1.9999999999999999E-007
        2997   9.9999999999999995E-008
        2998   1.9999999999999999E-007
        2999   2.9999999999999999E-007
        3000   1.9999999999999999E-007
        3002   1.9999999999999999E-007
        3004   9.9999999999999995E-008
        3005   1.9999999999999999E-007
        3006   1.9999999999999999E-007
        3007   9.9999999999999995E-008
        3008   1.9999999999999999E-007
        3009   2.9999999999999999E-007
        3010   2.9999999999999999E-007
        3011   1.9999999999999999E-007
        3012   9.9999999999999995E-008
        3013   1.9999999999999999E-007
        3014   1.9999999999999999E-007
        3015   9.9999999999999995E-008
        3016   9.9999999999999995E-008
        3017   9.9999999999999995E-008
        3019   9.9999999999999995E-008
        3020   9.9999999999999995E-008
        3021   3.9999999999999998E-007
        3022   2.9999999999999999E-007
        3023   9.9999999999999995E-008
        3024   9.9999999999999995E-008
        3025   1.9999999999999999E-007
        3026   9.9999999999999995E-008
        3027   2.9999999999999999E-007
        3028   9.9999999999999995E-008
        3030   9.9999999999999995E-008
        3032   1.9999999999999999E-007
        3033   2.9999999999999999E-007
        3034   1.9999999999999999E-007
        3035   1.9999999999999999E-007
        3036   9.9999999999999995E-008
        3037   9.9999999999999995E-008
        3038   1.9999999999999999E-007
        3039   9.9999999999999995E-008
        3040   9.9999999999999995E-008
        3041   1.9999999999999999E-007
        3042   2.9999999999999999E-007
        3043   9.9999999999999995E-008
        3044   1.9999999999999999E-007
        3045   1.9999999999999999E-007
        3046   1.9999999999999999E-007
        3047   9.9999999999999995E-008
        3048   2.9999999999999999E-007
        3049   9.9999999999999995E-008
        3050   3.9999999999999998E-007
        3051   4.9999999999999998E-007
        3052   9.9999999999999995E-008
        3054   1.9999999999999999E-007
        3056   3.9999999999999998E-007
        3057   1.9999999999999999E-007
        3058   3.9999999999999998E-007
        3059   1.9999999999999999E-007
        3060   1.9999999999999999E-007
        3063   9.9999999999999995E-008
        3064   3.9999999999999998E-007
        3065   9.9999999999999995E-008
        3066   2.9999999999999999E-007
        3067   1.9999999999999999E-007
        3068   9.9999999999999995E-008
        3069   9.9999999999999995E-008
        3070   9.9999999999999995E-008
        3071   1.9999999999999999E-007
        3072   1.9999999999999999E-007
        3073   9.9999999999999995E-008
        3074   9.9999999999999995E-008
        3075   9.9999999999999995E-008
        3076   9.9999999999999995E-008
        3077   9.9999999999999995E-008
        3078   3.9999999999999998E-007
        3079   2.9999999999999999E-007
        3080   1.9999999999999999E-007
        3082   1.9999999999999999E-007
        3083   3.9999999999999998E-007
        3084   1.9999999999999999E-007
        3087   2.9999999999999999E-007
        3090   1.9999999999999999E-007
        3091   1.9999999999999999E-007
        3092   1.9999999999999999E-007
        3093   9.9999999999999995E-008
        3094   1.9999999999999999E-007
        3095   1.9999999999999999E-007
        3097   9.9999999999999995E-008
        3098   9.9999999999999995E-008
        3099   9.9999999999999995E-008
        3100   1.9999999999999999E-007
        3101   9.9999999999999995E-008
        3102   1.9999999999999999E-007
        3103   9.9999999999999995E-008
        3104   9.9999999999999995E-008
        3105   1.9999999999999999E-007
        3106   1.9999999999999999E-007
        3107   9.9999999999999995E-008
        3108   9.9999999999999995E-008
        3109   1.9999999999999999E-007
        3110   2.9999999999999999E-007
        3111   3.9999999999999998E-007
        3112   9.9999999999999995E-008
        3114   9.9999999999999995E-008
        3115   9.9999999999999995E-008
        3117   9.9999999999999995E-008
        3119   1.9999999999999999E-007
        3120   1.9999999999999999E-007
        3121   2.9999999999999999E-007
        3122   3.9999999999999998E-007
        3125   9.9999999999999995E-008
        3126   9.9999999999999995E-008
        3127   9.9999999999999995E-008
        3128   1.9999999999999999E-007
        3129   9.9999999999999995E-008
        3130   1.9999999999999999E-007
        3132   1.9999999999999999E-007
        3133   2.9999999999999999E-007
        3134   9.9999999999999995E-008
        3135   1.9999999999999999E-007
        3136   1.9999999999999999E-007
        3137   6.9999999999999997E-007
        3139   1.9999999999999999E-007
        3141   9.9999999999999995E-008
        3142   9.9999999999999995E-008
        3143   1.9999999999999999E-007
        3144   9.9999999999999995E-008
        3145   9.9999999999999995E-008
        3146   2.9999999999999999E-007
        3148   1.9999999999999999E-007
        3149   2.9999999999999999E-007
        3150   1.9999999999999999E-007
        3151   9.9999999999999995E-008
        3153   1.9999999999999999E-007
        3155   9.9999999999999995E-008
        3156   9.9999999999999995E-008
        3158   1.9999999999999999E-007
        3159   9.9999999999999995E-008
        3161   9.9999999999999995E-008
