           3  0.304438100000000     
           4  0.166583700000000     
           5  0.104159200000000     
           6  7.099080000000001E-002
           7  5.151720000000000E-002
           8  3.886980000000000E-002
           9  3.032740000000000E-002
          10  2.427860000000000E-002
          11  1.991340000000000E-002
          12  1.658800000000000E-002
          13  1.401500000000000E-002
          14  1.196170000000000E-002
          15  1.037990000000000E-002
          16  9.051000000000000E-003
          17  7.941200000000001E-003
          18  7.079700000000000E-003
          19  6.311100000000000E-003
          20  5.678600000000000E-003
          21  5.103200000000000E-003
          22  4.656800000000000E-003
          23  4.264200000000000E-003
          24  3.850500000000000E-003
          25  3.530800000000000E-003
          26  3.265200000000000E-003
          27  3.033400000000000E-003
          28  2.797700000000000E-003
          29  2.588300000000000E-003
          30  2.427500000000000E-003
          31  2.242900000000000E-003
          32  2.099700000000000E-003
          33  1.978600000000000E-003
          34  1.875200000000000E-003
          35  1.767100000000000E-003
          36  1.637300000000000E-003
          37  1.551500000000000E-003
          38  1.474000000000000E-003
          39  1.401300000000000E-003
          40  1.329200000000000E-003
          41  1.263300000000000E-003
          42  1.175600000000000E-003
          43  1.135300000000000E-003
          44  1.076500000000000E-003
          45  1.034100000000000E-003
          46  9.820000000000000E-004
          47  9.397000000000000E-004
          48  9.100999999999999E-004
          49  8.696000000000000E-004
          50  8.226000000000000E-004
          51  8.155000000000000E-004
          52  7.719000000000000E-004
          53  7.177000000000000E-004
          54  7.025000000000000E-004
          55  6.838000000000000E-004
          56  6.423000000000001E-004
          57  6.309000000000000E-004
          58  6.033000000000000E-004
          59  5.949000000000000E-004
          60  5.714000000000000E-004
          61  5.363000000000000E-004
          62  5.172000000000000E-004
          63  5.207000000000000E-004
          64  5.068000000000000E-004
          65  4.786000000000000E-004
          66  4.582000000000000E-004
          67  4.395000000000000E-004
          68  4.264000000000000E-004
          69  4.198000000000000E-004
          70  4.091000000000000E-004
          71  3.983000000000000E-004
          72  3.765000000000000E-004
          73  3.660000000000000E-004
          74  3.622000000000000E-004
          75  3.503000000000000E-004
          76  3.464000000000000E-004
          77  3.382000000000000E-004
          78  3.256000000000000E-004
          79  3.155000000000000E-004
          80  3.068000000000000E-004
          81  3.032000000000000E-004
          82  2.892000000000000E-004
          83  2.808000000000000E-004
          84  2.776000000000000E-004
          85  2.732000000000000E-004
          86  2.575000000000000E-004
          87  2.617000000000000E-004
          88  2.572000000000000E-004
          89  2.440000000000000E-004
          90  2.487000000000000E-004
          91  2.373000000000000E-004
          92  2.260000000000000E-004
          93  2.142000000000000E-004
          94  2.184000000000000E-004
          95  2.129000000000000E-004
          96  2.181000000000000E-004
          97  2.012000000000000E-004
          98  1.996000000000000E-004
          99  2.061000000000000E-004
         100  1.961000000000000E-004
         101  1.920000000000000E-004
         102  1.867000000000000E-004
         103  1.858000000000000E-004
         104  1.789000000000000E-004
         105  1.841000000000000E-004
         106  1.755000000000000E-004
         107  1.635000000000000E-004
         108  1.625000000000000E-004
         109  1.574000000000000E-004
         110  1.555000000000000E-004
         111  1.534000000000000E-004
         112  1.493000000000000E-004
         113  1.571000000000000E-004
         114  1.473000000000000E-004
         115  1.408000000000000E-004
         116  1.400000000000000E-004
         117  1.354000000000000E-004
         118  1.381000000000000E-004
         119  1.346000000000000E-004
         120  1.313000000000000E-004
         121  1.280000000000000E-004
         122  1.255000000000000E-004
         123  1.340000000000000E-004
         124  1.229000000000000E-004
         125  1.241000000000000E-004
         126  1.196000000000000E-004
         127  1.196000000000000E-004
         128  1.147000000000000E-004
         129  1.124000000000000E-004
         130  1.118000000000000E-004
         131  1.120000000000000E-004
         132  1.055000000000000E-004
         133  1.024000000000000E-004
         134  1.016000000000000E-004
         135  9.640000000000000E-005
         136  1.041000000000000E-004
         137  9.780000000000001E-005
         138  9.980000000000000E-005
         139  9.780000000000001E-005
         140  9.030000000000000E-005
         141  9.390000000000001E-005
         142  9.509999999999999E-005
         143  8.729999999999999E-005
         144  8.910000000000000E-005
         145  8.960000000000000E-005
         146  8.890000000000001E-005
         147  8.839999999999999E-005
         148  7.970000000000000E-005
         149  8.520000000000000E-005
         150  8.559999999999999E-005
         151  8.619999999999999E-005
         152  8.410000000000000E-005
         153  7.570000000000000E-005
         154  7.590000000000000E-005
         155  8.020000000000000E-005
         156  7.389999999999999E-005
         157  7.430000000000000E-005
         158  7.310000000000000E-005
         159  7.150000000000000E-005
         160  7.480000000000000E-005
         161  7.300000000000000E-005
         162  6.770000000000001E-005
         163  7.010000000000000E-005
         164  7.190000000000000E-005
         165  6.280000000000000E-005
         166  6.609999999999999E-005
         167  6.800000000000000E-005
         168  6.219999999999999E-005
         169  6.100000000000000E-005
         170  5.930000000000000E-005
         171  6.620000000000000E-005
         172  6.310000000000000E-005
         173  6.480000000000000E-005
         174  5.730000000000000E-005
         175  5.980000000000000E-005
         176  5.800000000000000E-005
         177  5.510000000000000E-005
         178  5.600000000000000E-005
         179  5.490000000000000E-005
         180  5.270000000000000E-005
         181  5.110000000000000E-005
         182  5.380000000000000E-005
         183  5.060000000000000E-005
         184  5.870000000000000E-005
         185  5.200000000000000E-005
         186  5.200000000000000E-005
         187  5.160000000000000E-005
         188  4.900000000000000E-005
         189  5.160000000000000E-005
         190  4.950000000000000E-005
         191  4.530000000000000E-005
         192  4.850000000000000E-005
         193  4.790000000000000E-005
         194  4.830000000000000E-005
         195  4.420000000000000E-005
         196  4.510000000000000E-005
         197  4.720000000000000E-005
         198  4.080000000000000E-005
         199  4.480000000000000E-005
         200  4.800000000000000E-005
         201  4.260000000000000E-005
         202  4.500000000000000E-005
         203  4.120000000000000E-005
         204  4.230000000000000E-005
         205  4.330000000000000E-005
         206  4.460000000000000E-005
         207  4.050000000000000E-005
         208  4.230000000000000E-005
         209  4.340000000000000E-005
         210  4.060000000000000E-005
         211  3.910000000000000E-005
         212  4.140000000000000E-005
         213  4.120000000000000E-005
         214  3.800000000000000E-005
         215  3.950000000000000E-005
         216  3.790000000000000E-005
         217  3.560000000000000E-005
         218  3.610000000000000E-005
         219  4.060000000000000E-005
         220  3.840000000000000E-005
         221  3.540000000000000E-005
         222  3.770000000000000E-005
         223  3.610000000000000E-005
         224  3.330000000000000E-005
         225  3.490000000000000E-005
         226  3.110000000000000E-005
         227  3.340000000000000E-005
         228  3.520000000000000E-005
         229  3.580000000000000E-005
         230  3.570000000000000E-005
         231  3.390000000000000E-005
         232  3.250000000000000E-005
         233  3.460000000000000E-005
         234  3.510000000000000E-005
         235  3.150000000000000E-005
         236  2.980000000000000E-005
         237  3.320000000000000E-005
         238  3.090000000000000E-005
         239  3.470000000000000E-005
         240  3.180000000000000E-005
         241  3.020000000000000E-005
         242  3.240000000000000E-005
         243  2.970000000000000E-005
         244  3.280000000000000E-005
         245  2.700000000000000E-005
         246  2.870000000000000E-005
         247  2.790000000000000E-005
         248  2.750000000000000E-005
         249  2.900000000000000E-005
         250  2.800000000000000E-005
         251  2.840000000000000E-005
         252  2.710000000000000E-005
         253  2.860000000000000E-005
         254  2.770000000000000E-005
         255  2.950000000000000E-005
         256  2.590000000000000E-005
         257  2.410000000000000E-005
         258  3.100000000000000E-005
         259  2.510000000000000E-005
         260  2.670000000000000E-005
         261  2.740000000000000E-005
         262  2.470000000000000E-005
         263  2.390000000000000E-005
         264  2.550000000000000E-005
         265  2.630000000000000E-005
         266  2.920000000000000E-005
         267  2.750000000000000E-005
         268  2.390000000000000E-005
         269  2.400000000000000E-005
         270  2.340000000000000E-005
         271  2.430000000000000E-005
         272  2.040000000000000E-005
         273  2.200000000000000E-005
         274  2.180000000000000E-005
         275  2.150000000000000E-005
         276  2.540000000000000E-005
         277  2.320000000000000E-005
         278  2.360000000000000E-005
         279  2.650000000000000E-005
         280  2.150000000000000E-005
         281  2.370000000000000E-005
         282  2.390000000000000E-005
         283  2.130000000000000E-005
         284  2.250000000000000E-005
         285  1.940000000000000E-005
         286  2.330000000000000E-005
         287  2.000000000000000E-005
         288  1.940000000000000E-005
         289  2.050000000000000E-005
         290  2.050000000000000E-005
         291  1.770000000000000E-005
         292  2.230000000000000E-005
         293  1.810000000000000E-005
         294  1.700000000000000E-005
         295  2.140000000000000E-005
         296  1.760000000000000E-005
         297  1.850000000000000E-005
         298  2.040000000000000E-005
         299  1.900000000000000E-005
         300  2.140000000000000E-005
         301  1.930000000000000E-005
         302  1.670000000000000E-005
         303  1.890000000000000E-005
         304  1.790000000000000E-005
         305  1.890000000000000E-005
         306  1.980000000000000E-005
         307  1.990000000000000E-005
         308  2.120000000000000E-005
         309  1.830000000000000E-005
         310  1.680000000000000E-005
         311  1.630000000000000E-005
         312  1.730000000000000E-005
         313  1.730000000000000E-005
         314  1.540000000000000E-005
         315  1.730000000000000E-005
         316  1.710000000000000E-005
         317  1.690000000000000E-005
         318  1.610000000000000E-005
         319  1.710000000000000E-005
         320  1.720000000000000E-005
         321  1.650000000000000E-005
         322  1.710000000000000E-005
         323  1.440000000000000E-005
         324  1.500000000000000E-005
         325  1.590000000000000E-005
         326  1.620000000000000E-005
         327  1.680000000000000E-005
         328  1.620000000000000E-005
         329  1.530000000000000E-005
         330  1.740000000000000E-005
         331  1.600000000000000E-005
         332  1.540000000000000E-005
         333  1.630000000000000E-005
         334  1.630000000000000E-005
         335  1.470000000000000E-005
         336  1.320000000000000E-005
         337  1.510000000000000E-005
         338  1.660000000000000E-005
         339  1.530000000000000E-005
         340  1.330000000000000E-005
         341  1.330000000000000E-005
         342  1.280000000000000E-005
         343  1.490000000000000E-005
         344  1.350000000000000E-005
         345  1.530000000000000E-005
         346  1.440000000000000E-005
         347  1.530000000000000E-005
         348  1.480000000000000E-005
         349  1.320000000000000E-005
         350  1.640000000000000E-005
         351  1.230000000000000E-005
         352  1.210000000000000E-005
         353  1.500000000000000E-005
         354  1.230000000000000E-005
         355  1.380000000000000E-005
         356  1.230000000000000E-005
         357  1.570000000000000E-005
         358  1.480000000000000E-005
         359  1.290000000000000E-005
         360  1.200000000000000E-005
         361  1.170000000000000E-005
         362  1.540000000000000E-005
         363  1.100000000000000E-005
         364  1.160000000000000E-005
         365  1.360000000000000E-005
         366  1.080000000000000E-005
         367  1.360000000000000E-005
         368  1.130000000000000E-005
         369  1.290000000000000E-005
         370  1.120000000000000E-005
         371  1.180000000000000E-005
         372  1.150000000000000E-005
         373  1.340000000000000E-005
         374  1.250000000000000E-005
         375  1.260000000000000E-005
         376  1.140000000000000E-005
         377  1.080000000000000E-005
         378  1.330000000000000E-005
         379  1.010000000000000E-005
         380  1.130000000000000E-005
         381  1.150000000000000E-005
         382  1.220000000000000E-005
         383  1.050000000000000E-005
         384  1.030000000000000E-005
         385  1.260000000000000E-005
         386  1.120000000000000E-005
         387  1.000000000000000E-005
         388  1.110000000000000E-005
         389  1.270000000000000E-005
         390  1.150000000000000E-005
         391  1.220000000000000E-005
         392  1.000000000000000E-005
         393  9.799999999999999E-006
         394  1.220000000000000E-005
         395  9.200000000000000E-006
         396  1.100000000000000E-005
         397  1.080000000000000E-005
         398  1.080000000000000E-005
         399  1.080000000000000E-005
         400  1.250000000000000E-005
         401  1.050000000000000E-005
         402  8.500000000000000E-006
         403  9.799999999999999E-006
         404  1.020000000000000E-005
         405  1.050000000000000E-005
         406  9.799999999999999E-006
         407  1.040000000000000E-005
         408  9.900000000000000E-006
         409  1.070000000000000E-005
         410  1.130000000000000E-005
         411  9.000000000000000E-006
         412  1.210000000000000E-005
         413  1.060000000000000E-005
         414  8.100000000000000E-006
         415  8.500000000000000E-006
         416  1.040000000000000E-005
         417  9.500000000000001E-006
         418  8.700000000000000E-006
         419  9.900000000000000E-006
         420  9.500000000000001E-006
         421  9.900000000000000E-006
         422  9.300000000000001E-006
         423  7.900000000000001E-006
         424  9.099999999999999E-006
         425  8.399999999999999E-006
         426  1.000000000000000E-005
         427  1.080000000000000E-005
         428  9.000000000000000E-006
         429  1.050000000000000E-005
         430  9.700000000000000E-006
         431  1.070000000000000E-005
         432  8.100000000000000E-006
         433  7.100000000000000E-006
         434  9.900000000000000E-006
         435  7.500000000000000E-006
         436  8.700000000000000E-006
         437  9.099999999999999E-006
         438  9.400000000000000E-006
         439  9.300000000000001E-006
         440  8.199999999999999E-006
         441  8.800000000000000E-006
         442  1.110000000000000E-005
         443  9.500000000000001E-006
         444  8.899999999999999E-006
         445  8.000000000000000E-006
         446  9.099999999999999E-006
         447  7.400000000000000E-006
         448  9.300000000000001E-006
         449  8.300000000000000E-006
         450  8.000000000000000E-006
         451  8.800000000000000E-006
         452  8.000000000000000E-006
         453  8.300000000000000E-006
         454  7.800000000000000E-006
         455  8.000000000000000E-006
         456  6.500000000000000E-006
         457  7.500000000000000E-006
         458  8.399999999999999E-006
         459  7.700000000000001E-006
         460  8.700000000000000E-006
         461  7.600000000000000E-006
         462  7.300000000000000E-006
         463  6.400000000000000E-006
         464  8.199999999999999E-006
         465  8.700000000000000E-006
         466  7.400000000000000E-006
         467  7.100000000000000E-006
         468  8.199999999999999E-006
         469  8.399999999999999E-006
         470  6.100000000000000E-006
         471  7.700000000000001E-006
         472  7.600000000000000E-006
         473  7.300000000000000E-006
         474  7.200000000000000E-006
         475  7.700000000000001E-006
         476  8.300000000000000E-006
         477  6.200000000000000E-006
         478  6.500000000000000E-006
         479  8.300000000000000E-006
         480  7.500000000000000E-006
         481  7.500000000000000E-006
         482  7.900000000000001E-006
         483  6.500000000000000E-006
         484  8.800000000000000E-006
         485  7.800000000000000E-006
         486  6.800000000000000E-006
         487  7.300000000000000E-006
         488  7.100000000000000E-006
         489  7.900000000000001E-006
         490  7.400000000000000E-006
         491  7.100000000000000E-006
         492  8.000000000000000E-006
         493  6.400000000000000E-006
         494  5.800000000000000E-006
         495  7.200000000000000E-006
         496  7.900000000000001E-006
         497  4.200000000000000E-006
         498  6.300000000000000E-006
         499  6.600000000000000E-006
         500  8.399999999999999E-006
         501  7.800000000000000E-006
         502  7.100000000000000E-006
         503  6.800000000000000E-006
         504  5.600000000000000E-006
         505  7.200000000000000E-006
         506  6.100000000000000E-006
         507  6.700000000000000E-006
         508  6.800000000000000E-006
         509  6.300000000000000E-006
         510  6.900000000000000E-006
         511  5.700000000000000E-006
         512  6.400000000000000E-006
         513  6.200000000000000E-006
         514  6.100000000000000E-006
         515  6.300000000000000E-006
         516  6.700000000000000E-006
         517  7.200000000000000E-006
         518  7.300000000000000E-006
         519  6.800000000000000E-006
         520  5.900000000000000E-006
         521  5.700000000000000E-006
         522  5.000000000000000E-006
         523  7.900000000000001E-006
         524  5.600000000000000E-006
         525  5.900000000000000E-006
         526  5.500000000000000E-006
         527  4.800000000000000E-006
         528  6.200000000000000E-006
         529  4.800000000000000E-006
         530  6.600000000000000E-006
         531  5.500000000000000E-006
         532  5.000000000000000E-006
         533  5.900000000000000E-006
         534  6.500000000000000E-006
         535  5.900000000000000E-006
         536  5.400000000000000E-006
         537  6.200000000000000E-006
         538  6.000000000000000E-006
         539  5.900000000000000E-006
         540  5.400000000000000E-006
         541  7.200000000000000E-006
         542  5.400000000000000E-006
         543  5.300000000000000E-006
         544  5.500000000000000E-006
         545  6.000000000000000E-006
         546  4.900000000000000E-006
         547  5.300000000000000E-006
         548  6.100000000000000E-006
         549  5.800000000000000E-006
         550  5.100000000000000E-006
         551  5.000000000000000E-006
         552  5.100000000000000E-006
         553  4.900000000000000E-006
         554  6.800000000000000E-006
         555  5.200000000000000E-006
         556  6.000000000000000E-006
         557  4.300000000000000E-006
         558  5.500000000000000E-006
         559  3.700000000000000E-006
         560  5.400000000000000E-006
         561  5.000000000000000E-006
         562  6.500000000000000E-006
         563  4.400000000000000E-006
         564  3.500000000000000E-006
         565  5.400000000000000E-006
         566  5.100000000000000E-006
         567  5.700000000000000E-006
         568  5.700000000000000E-006
         569  4.400000000000000E-006
         570  4.700000000000000E-006
         571  4.800000000000000E-006
         572  4.900000000000000E-006
         573  5.300000000000000E-006
         574  4.100000000000000E-006
         575  6.300000000000000E-006
         576  4.000000000000000E-006
         577  5.400000000000000E-006
         578  4.900000000000000E-006
         579  5.700000000000000E-006
         580  5.000000000000000E-006
         581  4.400000000000000E-006
         582  4.400000000000000E-006
         583  4.800000000000000E-006
         584  4.200000000000000E-006
         585  3.600000000000000E-006
         586  4.700000000000000E-006
         587  4.100000000000000E-006
         588  4.000000000000000E-006
         589  3.600000000000000E-006
         590  4.400000000000000E-006
         591  4.500000000000000E-006
         592  4.900000000000000E-006
         593  4.000000000000000E-006
         594  4.900000000000000E-006
         595  4.500000000000000E-006
         596  3.800000000000000E-006
         597  5.000000000000000E-006
         598  4.100000000000000E-006
         599  4.000000000000000E-006
         600  3.600000000000000E-006
         601  3.700000000000000E-006
         602  5.200000000000000E-006
         603  4.800000000000000E-006
         604  4.700000000000000E-006
         605  5.700000000000000E-006
         606  3.500000000000000E-006
         607  3.200000000000000E-006
         608  3.500000000000000E-006
         609  4.200000000000000E-006
         610  3.900000000000000E-006
         611  5.300000000000000E-006
         612  3.700000000000000E-006
         613  4.100000000000000E-006
         614  3.900000000000000E-006
         615  4.000000000000000E-006
         616  3.700000000000000E-006
         617  4.200000000000000E-006
         618  5.000000000000000E-006
         619  3.800000000000000E-006
         620  4.100000000000000E-006
         621  3.800000000000000E-006
         622  4.700000000000000E-006
         623  3.500000000000000E-006
         624  4.600000000000000E-006
         625  3.200000000000000E-006
         626  5.300000000000000E-006
         627  3.500000000000000E-006
         628  4.000000000000000E-006
         629  4.300000000000000E-006
         630  4.600000000000000E-006
         631  4.600000000000000E-006
         632  4.800000000000000E-006
         633  3.400000000000000E-006
         634  3.800000000000000E-006
         635  3.500000000000000E-006
         636  3.800000000000000E-006
         637  3.700000000000000E-006
         638  3.600000000000000E-006
         639  4.100000000000000E-006
         640  3.800000000000000E-006
         641  3.900000000000000E-006
         642  3.800000000000000E-006
         643  4.200000000000000E-006
         644  4.400000000000000E-006
         645  3.600000000000000E-006
         646  4.200000000000000E-006
         647  3.600000000000000E-006
         648  4.300000000000000E-006
         649  4.200000000000000E-006
         650  4.500000000000000E-006
         651  4.500000000000000E-006
         652  2.900000000000000E-006
         653  4.700000000000000E-006
         654  3.900000000000000E-006
         655  3.200000000000000E-006
         656  4.600000000000000E-006
         657  3.200000000000000E-006
         658  3.000000000000000E-006
         659  3.900000000000000E-006
         660  3.200000000000000E-006
         661  4.600000000000000E-006
         662  3.000000000000000E-006
         663  3.100000000000000E-006
         664  4.000000000000000E-006
         665  2.900000000000000E-006
         666  2.800000000000000E-006
         667  3.300000000000000E-006
         668  4.100000000000000E-006
         669  3.400000000000000E-006
         670  3.100000000000000E-006
         671  3.400000000000000E-006
         672  2.500000000000000E-006
         673  3.900000000000000E-006
         674  3.100000000000000E-006
         675  3.300000000000000E-006
         676  3.400000000000000E-006
         677  3.800000000000000E-006
         678  3.300000000000000E-006
         679  4.200000000000000E-006
         680  3.800000000000000E-006
         681  2.800000000000000E-006
         682  3.100000000000000E-006
         683  3.000000000000000E-006
         684  3.400000000000000E-006
         685  3.300000000000000E-006
         686  3.800000000000000E-006
         687  3.200000000000000E-006
         688  2.600000000000000E-006
         689  2.500000000000000E-006
         690  4.200000000000000E-006
         691  3.000000000000000E-006
         692  4.100000000000000E-006
         693  3.000000000000000E-006
         694  3.100000000000000E-006
         695  2.200000000000000E-006
         696  3.100000000000000E-006
         697  3.300000000000000E-006
         698  5.100000000000000E-006
         699  3.200000000000000E-006
         700  3.100000000000000E-006
         701  2.800000000000000E-006
         702  3.700000000000000E-006
         703  3.200000000000000E-006
         704  2.700000000000000E-006
         705  2.700000000000000E-006
         706  3.500000000000000E-006
         707  4.000000000000000E-006
         708  3.900000000000000E-006
         709  4.300000000000000E-006
         710  3.500000000000000E-006
         711  2.500000000000000E-006
         712  3.200000000000000E-006
         713  3.300000000000000E-006
         714  2.600000000000000E-006
         715  2.700000000000000E-006
         716  3.800000000000000E-006
         717  3.300000000000000E-006
         718  3.300000000000000E-006
         719  2.700000000000000E-006
         720  2.800000000000000E-006
         721  2.400000000000000E-006
         722  3.400000000000000E-006
         723  2.900000000000000E-006
         724  2.900000000000000E-006
         725  2.000000000000000E-006
         726  3.900000000000000E-006
         727  3.200000000000000E-006
         728  3.800000000000000E-006
         729  3.000000000000000E-006
         730  2.600000000000000E-006
         731  2.800000000000000E-006
         732  3.400000000000000E-006
         733  3.000000000000000E-006
         734  2.800000000000000E-006
         735  2.200000000000000E-006
         736  3.300000000000000E-006
         737  2.900000000000000E-006
         738  3.700000000000000E-006
         739  2.900000000000000E-006
         740  3.100000000000000E-006
         741  2.600000000000000E-006
         742  4.300000000000000E-006
         743  2.900000000000000E-006
         744  3.900000000000000E-006
         745  2.100000000000000E-006
         746  1.900000000000000E-006
         747  2.700000000000000E-006
         748  2.400000000000000E-006
         749  2.600000000000000E-006
         750  2.800000000000000E-006
         751  2.300000000000000E-006
         752  1.800000000000000E-006
         753  2.600000000000000E-006
         754  2.200000000000000E-006
         755  3.300000000000000E-006
         756  2.600000000000000E-006
         757  2.800000000000000E-006
         758  2.100000000000000E-006
         759  2.300000000000000E-006
         760  2.200000000000000E-006
         761  3.100000000000000E-006
         762  3.100000000000000E-006
         763  2.500000000000000E-006
         764  2.900000000000000E-006
         765  2.300000000000000E-006
         766  2.200000000000000E-006
         767  3.100000000000000E-006
         768  3.700000000000000E-006
         769  2.700000000000000E-006
         770  3.100000000000000E-006
         771  1.800000000000000E-006
         772  2.300000000000000E-006
         773  2.600000000000000E-006
         774  3.000000000000000E-006
         775  1.700000000000000E-006
         776  3.000000000000000E-006
         777  3.000000000000000E-006
         778  2.200000000000000E-006
         779  3.000000000000000E-006
         780  2.600000000000000E-006
         781  2.400000000000000E-006
         782  3.200000000000000E-006
         783  2.400000000000000E-006
         784  2.200000000000000E-006
         785  2.100000000000000E-006
         786  2.000000000000000E-006
         787  3.300000000000000E-006
         788  2.000000000000000E-006
         789  2.100000000000000E-006
         790  2.900000000000000E-006
         791  2.400000000000000E-006
         792  2.200000000000000E-006
         793  1.900000000000000E-006
         794  2.700000000000000E-006
         795  3.200000000000000E-006
         796  2.100000000000000E-006
         797  2.700000000000000E-006
         798  2.400000000000000E-006
         799  1.900000000000000E-006
         800  1.700000000000000E-006
         801  3.200000000000000E-006
         802  2.700000000000000E-006
         803  1.100000000000000E-006
         804  2.000000000000000E-006
         805  2.300000000000000E-006
         806  1.900000000000000E-006
         807  1.900000000000000E-006
         808  2.700000000000000E-006
         809  3.300000000000000E-006
         810  2.400000000000000E-006
         811  1.600000000000000E-006
         812  2.900000000000000E-006
         813  2.600000000000000E-006
         814  2.100000000000000E-006
         815  2.100000000000000E-006
         816  2.700000000000000E-006
         817  2.000000000000000E-006
         818  2.400000000000000E-006
         819  2.700000000000000E-006
         820  2.400000000000000E-006
         821  3.200000000000000E-006
         822  2.200000000000000E-006
         823  2.900000000000000E-006
         824  1.800000000000000E-006
         825  2.000000000000000E-006
         826  3.200000000000000E-006
         827  1.900000000000000E-006
         828  1.800000000000000E-006
         829  2.000000000000000E-006
         830  3.000000000000000E-006
         831  2.300000000000000E-006
         832  2.800000000000000E-006
         833  2.700000000000000E-006
         834  2.600000000000000E-006
         835  1.900000000000000E-006
         836  1.900000000000000E-006
         837  2.500000000000000E-006
         838  2.000000000000000E-006
         839  2.500000000000000E-006
         840  1.900000000000000E-006
         841  2.100000000000000E-006
         842  2.400000000000000E-006
         843  2.200000000000000E-006
         844  2.400000000000000E-006
         845  2.300000000000000E-006
         846  2.500000000000000E-006
         847  1.800000000000000E-006
         848  1.800000000000000E-006
         849  2.000000000000000E-006
         850  2.100000000000000E-006
         851  2.100000000000000E-006
         852  1.500000000000000E-006
         853  1.800000000000000E-006
         854  2.400000000000000E-006
         855  1.900000000000000E-006
         856  2.400000000000000E-006
         857  2.400000000000000E-006
         858  1.600000000000000E-006
         859  1.400000000000000E-006
         860  2.600000000000000E-006
         861  2.500000000000000E-006
         862  1.900000000000000E-006
         863  1.900000000000000E-006
         864  2.800000000000000E-006
         865  2.000000000000000E-006
         866  2.500000000000000E-006
         867  2.600000000000000E-006
         868  1.700000000000000E-006
         869  3.000000000000000E-006
         870  1.800000000000000E-006
         871  1.400000000000000E-006
         872  2.000000000000000E-006
         873  2.400000000000000E-006
         874  1.500000000000000E-006
         875  2.000000000000000E-006
         876  2.300000000000000E-006
         877  2.300000000000000E-006
         878  1.900000000000000E-006
         879  2.500000000000000E-006
         880  2.500000000000000E-006
         881  1.900000000000000E-006
         882  2.100000000000000E-006
         883  2.300000000000000E-006
         884  2.200000000000000E-006
         885  1.800000000000000E-006
         886  1.600000000000000E-006
         887  2.200000000000000E-006
         888  2.600000000000000E-006
         889  2.200000000000000E-006
         890  1.600000000000000E-006
         891  2.300000000000000E-006
         892  1.200000000000000E-006
         893  2.300000000000000E-006
         894  2.400000000000000E-006
         895  2.100000000000000E-006
         896  1.400000000000000E-006
         897  1.800000000000000E-006
         898  1.800000000000000E-006
         899  1.700000000000000E-006
         900  2.500000000000000E-006
         901  2.100000000000000E-006
         902  1.700000000000000E-006
         903  2.300000000000000E-006
         904  1.700000000000000E-006
         905  2.400000000000000E-006
         906  2.100000000000000E-006
         907  1.500000000000000E-006
         908  1.600000000000000E-006
         909  2.300000000000000E-006
         910  2.200000000000000E-006
         911  2.100000000000000E-006
         912  1.700000000000000E-006
         913  1.500000000000000E-006
         914  2.300000000000000E-006
         915  1.400000000000000E-006
         916  1.400000000000000E-006
         917  1.600000000000000E-006
         918  2.100000000000000E-006
         919  1.700000000000000E-006
         920  1.800000000000000E-006
         921  1.900000000000000E-006
         922  1.600000000000000E-006
         923  2.000000000000000E-006
         924  1.100000000000000E-006
         925  2.400000000000000E-006
         926  1.100000000000000E-006
         927  1.800000000000000E-006
         928  1.900000000000000E-006
         929  1.700000000000000E-006
         930  1.500000000000000E-006
         931  1.800000000000000E-006
         932  2.300000000000000E-006
         933  1.400000000000000E-006
         934  2.000000000000000E-006
         935  2.300000000000000E-006
         936  2.400000000000000E-006
         937  1.800000000000000E-006
         938  1.900000000000000E-006
         939  1.600000000000000E-006
         940  1.800000000000000E-006
         941  2.400000000000000E-006
         942  1.800000000000000E-006
         943  2.000000000000000E-006
         944  2.700000000000000E-006
         945  1.300000000000000E-006
         946  2.400000000000000E-006
         947  1.500000000000000E-006
         948  2.100000000000000E-006
         949  1.900000000000000E-006
         950  1.700000000000000E-006
         951  1.500000000000000E-006
         952  1.700000000000000E-006
         953  1.500000000000000E-006
         954  2.100000000000000E-006
         955  1.500000000000000E-006
         956  1.900000000000000E-006
         957  1.800000000000000E-006
         958  2.500000000000000E-006
         959  1.800000000000000E-006
         960  1.800000000000000E-006
         961  1.800000000000000E-006
         962  1.700000000000000E-006
         963  1.700000000000000E-006
         964  2.100000000000000E-006
         965  1.000000000000000E-006
         966  2.000000000000000E-006
         967  1.500000000000000E-006
         968  1.300000000000000E-006
         969  1.400000000000000E-006
         970  1.700000000000000E-006
         971  2.200000000000000E-006
         972  1.800000000000000E-006
         973  2.800000000000000E-006
         974  2.300000000000000E-006
         975  1.200000000000000E-006
         976  1.900000000000000E-006
         977  1.900000000000000E-006
         978  1.600000000000000E-006
         979  1.100000000000000E-006
         980  1.400000000000000E-006
         981  1.500000000000000E-006
         982  1.100000000000000E-006
         983  1.200000000000000E-006
         984  1.600000000000000E-006
         985  1.200000000000000E-006
         986  1.900000000000000E-006
         987  1.100000000000000E-006
         988  1.000000000000000E-006
         989  1.800000000000000E-006
         990  1.600000000000000E-006
         991  1.600000000000000E-006
         992  1.400000000000000E-006
         993  1.000000000000000E-006
         994  1.500000000000000E-006
         995  1.300000000000000E-006
         996  1.200000000000000E-006
         997  1.300000000000000E-006
         998  1.800000000000000E-006
         999  1.700000000000000E-006
        1000  1.800000000000000E-006
        1001  1.900000000000000E-006
        1002  1.400000000000000E-006
        1003  1.000000000000000E-006
        1004  1.600000000000000E-006
        1005  1.600000000000000E-006
        1006  1.600000000000000E-006
        1007  1.500000000000000E-006
        1008  1.400000000000000E-006
        1009  1.500000000000000E-006
        1010  1.100000000000000E-006
        1011  1.000000000000000E-006
        1012  2.100000000000000E-006
        1013  8.000000000000000E-007
        1014  1.700000000000000E-006
        1015  1.500000000000000E-006
        1016  1.500000000000000E-006
        1017  1.400000000000000E-006
        1018  1.700000000000000E-006
        1019  1.400000000000000E-006
        1020  1.300000000000000E-006
        1021  1.200000000000000E-006
        1022  2.000000000000000E-006
        1023  1.300000000000000E-006
        1024  2.000000000000000E-006
        1025  1.700000000000000E-006
        1026  9.000000000000000E-007
        1027  1.500000000000000E-006
        1028  1.400000000000000E-006
        1029  2.000000000000000E-006
        1030  1.100000000000000E-006
        1031  6.000000000000000E-007
        1032  1.300000000000000E-006
        1033  1.400000000000000E-006
        1034  1.300000000000000E-006
        1035  1.700000000000000E-006
        1036  1.300000000000000E-006
        1037  1.200000000000000E-006
        1038  8.000000000000000E-007
        1039  1.000000000000000E-006
        1040  1.800000000000000E-006
        1041  1.200000000000000E-006
        1042  9.000000000000000E-007
        1043  1.100000000000000E-006
        1044  9.000000000000000E-007
        1045  1.800000000000000E-006
        1046  1.000000000000000E-006
        1047  1.100000000000000E-006
        1048  1.500000000000000E-006
        1049  1.700000000000000E-006
        1050  1.100000000000000E-006
        1051  1.300000000000000E-006
        1052  5.000000000000000E-007
        1053  1.300000000000000E-006
        1054  1.500000000000000E-006
        1055  1.500000000000000E-006
        1056  2.100000000000000E-006
        1057  1.000000000000000E-006
        1058  1.500000000000000E-006
        1059  1.700000000000000E-006
        1060  1.500000000000000E-006
        1061  1.200000000000000E-006
        1062  1.100000000000000E-006
        1063  1.200000000000000E-006
        1064  1.900000000000000E-006
        1065  1.300000000000000E-006
        1066  7.000000000000000E-007
        1067  1.300000000000000E-006
        1068  1.200000000000000E-006
        1069  1.600000000000000E-006
        1070  1.300000000000000E-006
        1071  1.100000000000000E-006
        1072  2.100000000000000E-006
        1073  1.600000000000000E-006
        1074  1.200000000000000E-006
        1075  9.000000000000000E-007
        1076  1.500000000000000E-006
        1077  8.000000000000000E-007
        1078  1.100000000000000E-006
        1079  2.000000000000000E-006
        1080  9.000000000000000E-007
        1081  8.000000000000000E-007
        1082  1.400000000000000E-006
        1083  2.000000000000000E-006
        1084  1.200000000000000E-006
        1085  1.400000000000000E-006
        1086  1.900000000000000E-006
        1087  1.400000000000000E-006
        1088  1.000000000000000E-006
        1089  1.700000000000000E-006
        1090  1.500000000000000E-006
        1091  1.500000000000000E-006
        1092  1.600000000000000E-006
        1093  1.300000000000000E-006
        1094  2.200000000000000E-006
        1095  1.300000000000000E-006
        1096  1.000000000000000E-006
        1097  1.300000000000000E-006
        1098  1.300000000000000E-006
        1099  1.200000000000000E-006
        1100  1.800000000000000E-006
        1101  6.000000000000000E-007
        1102  1.500000000000000E-006
        1103  1.400000000000000E-006
        1104  1.700000000000000E-006
        1105  1.700000000000000E-006
        1106  1.500000000000000E-006
        1107  1.500000000000000E-006
        1108  1.400000000000000E-006
        1109  1.200000000000000E-006
        1110  1.600000000000000E-006
        1111  1.100000000000000E-006
        1112  1.300000000000000E-006
        1113  1.000000000000000E-006
        1114  8.000000000000000E-007
        1115  1.000000000000000E-006
        1116  6.000000000000000E-007
        1117  1.400000000000000E-006
        1118  9.000000000000000E-007
        1119  1.200000000000000E-006
        1120  7.000000000000000E-007
        1121  1.700000000000000E-006
        1122  1.200000000000000E-006
        1123  1.200000000000000E-006
        1124  8.000000000000000E-007
        1125  1.100000000000000E-006
        1126  1.400000000000000E-006
        1127  5.000000000000000E-007
        1128  1.200000000000000E-006
        1129  5.000000000000000E-007
        1130  9.000000000000000E-007
        1131  1.100000000000000E-006
        1132  1.600000000000000E-006
        1133  1.000000000000000E-006
        1134  1.200000000000000E-006
        1135  9.000000000000000E-007
        1136  9.000000000000000E-007
        1137  1.200000000000000E-006
        1138  7.000000000000000E-007
        1139  1.400000000000000E-006
        1140  1.400000000000000E-006
        1141  1.400000000000000E-006
        1142  1.600000000000000E-006
        1143  1.300000000000000E-006
        1144  1.800000000000000E-006
        1145  1.200000000000000E-006
        1146  9.000000000000000E-007
        1147  1.300000000000000E-006
        1148  1.000000000000000E-006
        1149  1.000000000000000E-006
        1150  1.200000000000000E-006
        1151  1.600000000000000E-006
        1152  1.200000000000000E-006
        1153  1.000000000000000E-006
        1154  1.600000000000000E-006
        1155  1.100000000000000E-006
        1156  1.400000000000000E-006
        1157  8.000000000000000E-007
        1158  1.200000000000000E-006
        1159  9.000000000000000E-007
        1160  5.000000000000000E-007
        1161  1.000000000000000E-006
        1162  8.000000000000000E-007
        1163  1.200000000000000E-006
        1164  1.300000000000000E-006
        1165  1.000000000000000E-006
        1166  7.000000000000000E-007
        1167  1.000000000000000E-006
        1168  8.000000000000000E-007
        1169  1.200000000000000E-006
        1170  1.300000000000000E-006
        1171  1.100000000000000E-006
        1172  1.700000000000000E-006
        1173  7.000000000000000E-007
        1174  1.000000000000000E-006
        1175  1.100000000000000E-006
        1176  8.000000000000000E-007
        1177  9.000000000000000E-007
        1178  1.000000000000000E-007
        1179  1.100000000000000E-006
        1180  1.100000000000000E-006
        1181  9.000000000000000E-007
        1182  1.400000000000000E-006
        1183  1.400000000000000E-006
        1184  6.000000000000000E-007
        1185  1.000000000000000E-006
        1186  9.000000000000000E-007
        1187  1.000000000000000E-006
        1188  6.000000000000000E-007
        1189  1.200000000000000E-006
        1190  1.700000000000000E-006
        1191  1.200000000000000E-006
        1192  1.100000000000000E-006
        1193  8.000000000000000E-007
        1194  4.000000000000000E-007
        1195  1.100000000000000E-006
        1196  1.000000000000000E-006
        1197  1.700000000000000E-006
        1198  1.000000000000000E-006
        1199  1.000000000000000E-006
        1200  1.200000000000000E-006
        1201  1.400000000000000E-006
        1202  1.000000000000000E-006
        1203  1.700000000000000E-006
        1204  1.200000000000000E-006
        1205  1.600000000000000E-006
        1206  8.000000000000000E-007
        1207  1.000000000000000E-006
        1208  1.000000000000000E-006
        1209  1.100000000000000E-006
        1210  6.000000000000000E-007
        1211  7.000000000000000E-007
        1212  1.000000000000000E-006
        1213  1.300000000000000E-006
        1214  4.000000000000000E-007
        1215  1.000000000000000E-006
        1216  7.000000000000000E-007
        1217  7.000000000000000E-007
        1218  1.200000000000000E-006
        1219  9.000000000000000E-007
        1220  1.200000000000000E-006
        1221  9.000000000000000E-007
        1222  9.000000000000000E-007
        1223  1.000000000000000E-006
        1224  1.300000000000000E-006
        1225  5.000000000000000E-007
        1226  1.100000000000000E-006
        1227  1.100000000000000E-006
        1228  6.000000000000000E-007
        1229  7.000000000000000E-007
        1230  6.000000000000000E-007
        1231  1.000000000000000E-006
        1232  1.300000000000000E-006
        1233  8.000000000000000E-007
        1234  6.000000000000000E-007
        1235  9.000000000000000E-007
        1236  6.000000000000000E-007
        1237  9.000000000000000E-007
        1238  8.000000000000000E-007
        1239  4.000000000000000E-007
        1240  4.000000000000000E-007
        1241  9.000000000000000E-007
        1242  8.000000000000000E-007
        1243  7.000000000000000E-007
        1244  3.000000000000000E-007
        1245  8.000000000000000E-007
        1246  1.400000000000000E-006
        1247  7.000000000000000E-007
        1248  4.000000000000000E-007
        1249  9.000000000000000E-007
        1250  7.000000000000000E-007
        1251  1.100000000000000E-006
        1252  1.300000000000000E-006
        1253  8.000000000000000E-007
        1254  9.000000000000000E-007
        1255  9.000000000000000E-007
        1256  1.800000000000000E-006
        1257  1.000000000000000E-006
        1258  1.100000000000000E-006
        1259  9.000000000000000E-007
        1260  1.000000000000000E-006
        1261  6.000000000000000E-007
        1262  1.000000000000000E-006
        1263  6.000000000000000E-007
        1264  1.100000000000000E-006
        1265  9.000000000000000E-007
        1266  1.100000000000000E-006
        1267  1.000000000000000E-006
        1268  9.000000000000000E-007
        1269  1.000000000000000E-006
        1270  5.000000000000000E-007
        1271  1.300000000000000E-006
        1272  4.000000000000000E-007
        1273  6.000000000000000E-007
        1274  9.000000000000000E-007
        1275  7.000000000000000E-007
        1276  7.000000000000000E-007
        1277  8.000000000000000E-007
        1278  7.000000000000000E-007
        1279  8.000000000000000E-007
        1280  1.000000000000000E-006
        1281  7.000000000000000E-007
        1282  8.000000000000000E-007
        1283  8.000000000000000E-007
        1284  1.100000000000000E-006
        1285  1.800000000000000E-006
        1286  9.000000000000000E-007
        1287  1.100000000000000E-006
        1288  1.000000000000000E-006
        1289  1.300000000000000E-006
        1290  1.000000000000000E-006
        1291  8.000000000000000E-007
        1292  8.000000000000000E-007
        1293  9.000000000000000E-007
        1294  8.000000000000000E-007
        1295  9.000000000000000E-007
        1296  4.000000000000000E-007
        1297  1.000000000000000E-006
        1298  7.000000000000000E-007
        1299  1.500000000000000E-006
        1300  1.000000000000000E-006
        1301  4.000000000000000E-007
        1302  4.000000000000000E-007
        1303  8.000000000000000E-007
        1304  1.500000000000000E-006
        1305  1.000000000000000E-006
        1306  6.000000000000000E-007
        1307  9.000000000000000E-007
        1308  8.000000000000000E-007
        1309  6.000000000000000E-007
        1310  1.500000000000000E-006
        1311  1.000000000000000E-006
        1312  9.000000000000000E-007
        1313  9.000000000000000E-007
        1314  9.000000000000000E-007
        1315  1.200000000000000E-006
        1316  9.000000000000000E-007
        1317  1.000000000000000E-006
        1318  5.000000000000000E-007
        1319  1.300000000000000E-006
        1320  8.000000000000000E-007
        1321  1.000000000000000E-006
        1322  9.000000000000000E-007
        1323  1.500000000000000E-006
        1324  5.000000000000000E-007
        1325  7.000000000000000E-007
        1326  9.000000000000000E-007
        1327  1.000000000000000E-006
        1328  8.000000000000000E-007
        1329  5.000000000000000E-007
        1330  7.000000000000000E-007
        1331  8.000000000000000E-007
        1332  9.000000000000000E-007
        1333  9.000000000000000E-007
        1334  8.000000000000000E-007
        1335  1.100000000000000E-006
        1336  9.000000000000000E-007
        1337  1.000000000000000E-006
        1338  7.000000000000000E-007
        1339  7.000000000000000E-007
        1340  5.000000000000000E-007
        1341  8.000000000000000E-007
        1342  1.100000000000000E-006
        1343  1.300000000000000E-006
        1344  6.000000000000000E-007
        1345  8.000000000000000E-007
        1346  1.100000000000000E-006
        1347  8.000000000000000E-007
        1348  1.000000000000000E-006
        1349  1.000000000000000E-007
        1350  5.000000000000000E-007
        1351  9.000000000000000E-007
        1352  7.000000000000000E-007
        1353  7.000000000000000E-007
        1354  1.300000000000000E-006
        1355  7.000000000000000E-007
        1356  1.400000000000000E-006
        1357  7.000000000000000E-007
        1358  1.300000000000000E-006
        1359  7.000000000000000E-007
        1360  1.100000000000000E-006
        1361  1.200000000000000E-006
        1362  3.000000000000000E-007
        1363  7.000000000000000E-007
        1364  8.000000000000000E-007
        1365  4.000000000000000E-007
        1366  6.000000000000000E-007
        1367  1.000000000000000E-006
        1368  9.000000000000000E-007
        1369  6.000000000000000E-007
        1370  9.000000000000000E-007
        1371  1.000000000000000E-006
        1372  8.000000000000000E-007
        1373  1.000000000000000E-006
        1374  1.100000000000000E-006
        1375  1.000000000000000E-006
        1376  1.100000000000000E-006
        1377  1.000000000000000E-006
        1378  9.000000000000000E-007
        1379  1.000000000000000E-006
        1380  1.000000000000000E-006
        1381  6.000000000000000E-007
        1382  4.000000000000000E-007
        1383  4.000000000000000E-007
        1384  1.200000000000000E-006
        1385  9.000000000000000E-007
        1386  8.000000000000000E-007
        1387  1.100000000000000E-006
        1388  5.000000000000000E-007
        1389  7.000000000000000E-007
        1390  1.200000000000000E-006
        1391  7.000000000000000E-007
        1392  6.000000000000000E-007
        1393  7.000000000000000E-007
        1394  7.000000000000000E-007
        1395  5.000000000000000E-007
        1396  8.000000000000000E-007
        1397  8.000000000000000E-007
        1398  5.000000000000000E-007
        1399  5.000000000000000E-007
        1400  8.000000000000000E-007
        1401  7.000000000000000E-007
        1402  7.000000000000000E-007
        1403  6.000000000000000E-007
        1404  7.000000000000000E-007
        1405  9.000000000000000E-007
        1406  6.000000000000000E-007
        1407  7.000000000000000E-007
        1408  8.000000000000000E-007
        1409  1.300000000000000E-006
        1410  2.000000000000000E-007
        1411  9.000000000000000E-007
        1412  6.000000000000000E-007
        1413  6.000000000000000E-007
        1414  8.000000000000000E-007
        1415  5.000000000000000E-007
        1416  8.000000000000000E-007
        1417  8.000000000000000E-007
        1418  7.000000000000000E-007
        1419  5.000000000000000E-007
        1420  8.000000000000000E-007
        1421  4.000000000000000E-007
        1422  2.000000000000000E-007
        1423  8.000000000000000E-007
        1424  1.000000000000000E-007
        1425  8.000000000000000E-007
        1426  1.000000000000000E-006
        1427  5.000000000000000E-007
        1428  4.000000000000000E-007
        1429  7.000000000000000E-007
        1430  3.000000000000000E-007
        1431  1.000000000000000E-006
        1432  8.000000000000000E-007
        1433  1.100000000000000E-006
        1434  7.000000000000000E-007
        1435  3.000000000000000E-007
        1436  1.200000000000000E-006
        1437  7.000000000000000E-007
        1438  9.000000000000000E-007
        1439  6.000000000000000E-007
        1440  1.000000000000000E-006
        1441  1.100000000000000E-006
        1442  1.100000000000000E-006
        1443  7.000000000000000E-007
        1444  5.000000000000000E-007
        1445  9.000000000000000E-007
        1446  7.000000000000000E-007
        1447  5.000000000000000E-007
        1448  6.000000000000000E-007
        1449  1.200000000000000E-006
        1450  4.000000000000000E-007
        1451  7.000000000000000E-007
        1452  6.000000000000000E-007
        1453  1.000000000000000E-006
        1454  9.000000000000000E-007
        1455  8.000000000000000E-007
        1456  5.000000000000000E-007
        1457  7.000000000000000E-007
        1458  1.000000000000000E-006
        1459  7.000000000000000E-007
        1460  6.000000000000000E-007
        1461  8.000000000000000E-007
        1462  7.000000000000000E-007
        1463  9.000000000000000E-007
        1464  3.000000000000000E-007
        1465  6.000000000000000E-007
        1466  9.000000000000000E-007
        1467  7.000000000000000E-007
        1468  3.000000000000000E-007
        1469  6.000000000000000E-007
        1470  6.000000000000000E-007
        1471  1.100000000000000E-006
        1472  5.000000000000000E-007
        1473  7.000000000000000E-007
        1474  1.200000000000000E-006
        1475  7.000000000000000E-007
        1476  2.000000000000000E-007
        1477  9.000000000000000E-007
        1478  2.000000000000000E-007
        1479  7.000000000000000E-007
        1480  6.000000000000000E-007
        1481  6.000000000000000E-007
        1482  1.100000000000000E-006
        1483  5.000000000000000E-007
        1484  1.000000000000000E-006
        1485  6.000000000000000E-007
        1486  5.000000000000000E-007
        1487  5.000000000000000E-007
        1488  1.200000000000000E-006
        1489  5.000000000000000E-007
        1490  1.500000000000000E-006
        1491  8.000000000000000E-007
        1492  6.000000000000000E-007
        1493  4.000000000000000E-007
        1494  4.000000000000000E-007
        1495  6.000000000000000E-007
        1496  1.000000000000000E-006
        1497  9.000000000000000E-007
        1498  6.000000000000000E-007
        1499  2.000000000000000E-007
        1500  7.000000000000000E-007
        1501  4.000000000000000E-007
        1502  7.000000000000000E-007
        1503  7.000000000000000E-007
        1504  6.000000000000000E-007
        1505  4.000000000000000E-007
        1506  9.000000000000000E-007
        1507  5.000000000000000E-007
        1508  5.000000000000000E-007
        1509  2.000000000000000E-007
        1510  6.000000000000000E-007
        1511  5.000000000000000E-007
        1512  7.000000000000000E-007
        1513  8.000000000000000E-007
        1514  6.000000000000000E-007
        1515  1.000000000000000E-006
        1516  9.000000000000000E-007
        1517  1.000000000000000E-007
        1518  9.000000000000000E-007
        1519  7.000000000000000E-007
        1520  6.000000000000000E-007
        1521  6.000000000000000E-007
        1522  4.000000000000000E-007
        1523  3.000000000000000E-007
        1524  8.000000000000000E-007
        1525  1.500000000000000E-006
        1526  1.100000000000000E-006
        1527  3.000000000000000E-007
        1528  7.000000000000000E-007
        1529  4.000000000000000E-007
        1530  6.000000000000000E-007
        1531  5.000000000000000E-007
        1532  6.000000000000000E-007
        1533  5.000000000000000E-007
        1534  5.000000000000000E-007
        1535  6.000000000000000E-007
        1536  3.000000000000000E-007
        1537  4.000000000000000E-007
        1538  5.000000000000000E-007
        1539  1.200000000000000E-006
        1540  8.000000000000000E-007
        1541  1.000000000000000E-006
        1542  6.000000000000000E-007
        1543  7.000000000000000E-007
        1544  9.000000000000000E-007
        1545  3.000000000000000E-007
        1546  1.000000000000000E-007
        1547  5.000000000000000E-007
        1548  5.000000000000000E-007
        1549  4.000000000000000E-007
        1550  6.000000000000000E-007
        1551  8.000000000000000E-007
        1552  9.000000000000000E-007
        1553  5.000000000000000E-007
        1554  6.000000000000000E-007
        1555  5.000000000000000E-007
        1556  6.000000000000000E-007
        1557  1.000000000000000E-006
        1558  4.000000000000000E-007
        1559  7.000000000000000E-007
        1560  4.000000000000000E-007
        1561  8.000000000000000E-007
        1562  7.000000000000000E-007
        1563  9.000000000000000E-007
        1564  2.000000000000000E-007
        1565  6.000000000000000E-007
        1566  7.000000000000000E-007
        1567  1.000000000000000E-006
        1568  1.000000000000000E-006
        1569  7.000000000000000E-007
        1570  5.000000000000000E-007
        1571  7.000000000000000E-007
        1572  7.000000000000000E-007
        1573  3.000000000000000E-007
        1574  9.000000000000000E-007
        1575  5.000000000000000E-007
        1576  5.000000000000000E-007
        1577  9.000000000000000E-007
        1578  1.300000000000000E-006
        1579  9.000000000000000E-007
        1580  7.000000000000000E-007
        1581  3.000000000000000E-007
        1582  8.000000000000000E-007
        1583  3.000000000000000E-007
        1584  6.000000000000000E-007
        1585  5.000000000000000E-007
        1586  1.000000000000000E-006
        1587  6.000000000000000E-007
        1588  6.000000000000000E-007
        1589  8.000000000000000E-007
        1590  4.000000000000000E-007
        1591  4.000000000000000E-007
        1592  5.000000000000000E-007
        1593  7.000000000000000E-007
        1594  1.000000000000000E-006
        1595  4.000000000000000E-007
        1596  8.000000000000000E-007
        1597  7.000000000000000E-007
        1598  1.100000000000000E-006
        1599  5.000000000000000E-007
        1600  5.000000000000000E-007
        1601  5.000000000000000E-007
        1602  6.000000000000000E-007
        1603  4.000000000000000E-007
        1604  1.100000000000000E-006
        1605  4.000000000000000E-007
        1606  6.000000000000000E-007
        1607  9.000000000000000E-007
        1608  5.000000000000000E-007
        1609  6.000000000000000E-007
        1610  1.000000000000000E-007
        1611  6.000000000000000E-007
        1612  8.000000000000000E-007
        1613  6.000000000000000E-007
        1614  7.000000000000000E-007
        1615  3.000000000000000E-007
        1616  5.000000000000000E-007
        1617  6.000000000000000E-007
        1618  8.000000000000000E-007
        1619  7.000000000000000E-007
        1620  2.000000000000000E-007
        1621  1.000000000000000E-007
        1622  4.000000000000000E-007
        1623  7.000000000000000E-007
        1624  9.000000000000000E-007
        1625  8.000000000000000E-007
        1626  4.000000000000000E-007
        1627  7.000000000000000E-007
        1628  2.000000000000000E-007
        1629  6.000000000000000E-007
        1630  3.000000000000000E-007
        1631  7.000000000000000E-007
        1632  5.000000000000000E-007
        1633  8.000000000000000E-007
        1634  3.000000000000000E-007
        1635  8.000000000000000E-007
        1636  5.000000000000000E-007
        1637  7.000000000000000E-007
        1638  1.000000000000000E-007
        1639  5.000000000000000E-007
        1640  6.000000000000000E-007
        1641  1.200000000000000E-006
        1642  8.000000000000000E-007
        1643  5.000000000000000E-007
        1644  6.000000000000000E-007
        1645  4.000000000000000E-007
        1646  4.000000000000000E-007
        1647  7.000000000000000E-007
        1648  7.000000000000000E-007
        1649  5.000000000000000E-007
        1650  5.000000000000000E-007
        1651  5.000000000000000E-007
        1652  6.000000000000000E-007
        1653  3.000000000000000E-007
        1654  7.000000000000000E-007
        1655  2.000000000000000E-007
        1656  7.000000000000000E-007
        1657  9.000000000000000E-007
        1658  6.000000000000000E-007
        1659  7.000000000000000E-007
        1660  8.000000000000000E-007
        1661  3.000000000000000E-007
        1662  2.000000000000000E-007
        1663  3.000000000000000E-007
        1664  5.000000000000000E-007
        1665  2.000000000000000E-007
        1666  4.000000000000000E-007
        1667  6.000000000000000E-007
        1668  6.000000000000000E-007
        1669  2.000000000000000E-007
        1670  3.000000000000000E-007
        1671  3.000000000000000E-007
        1672  8.000000000000000E-007
        1673  8.000000000000000E-007
        1674  2.000000000000000E-007
        1675  7.000000000000000E-007
        1676  5.000000000000000E-007
        1677  4.000000000000000E-007
        1678  2.000000000000000E-007
        1679  9.000000000000000E-007
        1680  9.000000000000000E-007
        1681  3.000000000000000E-007
        1682  1.000000000000000E-006
        1683  6.000000000000000E-007
        1684  3.000000000000000E-007
        1685  4.000000000000000E-007
        1686  4.000000000000000E-007
        1687  7.000000000000000E-007
        1688  7.000000000000000E-007
        1689  5.000000000000000E-007
        1690  4.000000000000000E-007
        1691  6.000000000000000E-007
        1692  3.000000000000000E-007
        1693  2.000000000000000E-007
        1694  4.000000000000000E-007
        1695  5.000000000000000E-007
        1696  6.000000000000000E-007
        1697  6.000000000000000E-007
        1698  6.000000000000000E-007
        1699  6.000000000000000E-007
        1700  6.000000000000000E-007
        1701  1.000000000000000E-006
        1702  5.000000000000000E-007
        1703  4.000000000000000E-007
        1704  1.000000000000000E-006
        1705  3.000000000000000E-007
        1706  7.000000000000000E-007
        1707  6.000000000000000E-007
        1708  6.000000000000000E-007
        1709  5.000000000000000E-007
        1710  5.000000000000000E-007
        1711  6.000000000000000E-007
        1712  5.000000000000000E-007
        1713  6.000000000000000E-007
        1714  3.000000000000000E-007
        1715  3.000000000000000E-007
        1716  3.000000000000000E-007
        1717  9.000000000000000E-007
        1718  2.000000000000000E-007
        1719  6.000000000000000E-007
        1720  3.000000000000000E-007
        1721  3.000000000000000E-007
        1722  3.000000000000000E-007
        1723  4.000000000000000E-007
        1724  6.000000000000000E-007
        1725  5.000000000000000E-007
        1726  9.000000000000000E-007
        1727  4.000000000000000E-007
        1728  7.000000000000000E-007
        1729  6.000000000000000E-007
        1730  1.100000000000000E-006
        1731  3.000000000000000E-007
        1732  2.000000000000000E-007
        1733  9.000000000000000E-007
        1734  8.000000000000000E-007
        1735  4.000000000000000E-007
        1736  2.000000000000000E-007
        1737  8.000000000000000E-007
        1738  5.000000000000000E-007
        1739  9.000000000000000E-007
        1740  7.000000000000000E-007
        1741  4.000000000000000E-007
        1742  7.000000000000000E-007
        1743  2.000000000000000E-007
        1744  4.000000000000000E-007
        1745  4.000000000000000E-007
        1746  6.000000000000000E-007
        1747  3.000000000000000E-007
        1748  4.000000000000000E-007
        1749  3.000000000000000E-007
        1750  1.000000000000000E-007
        1751  6.000000000000000E-007
        1752  4.000000000000000E-007
        1753  6.000000000000000E-007
        1754  4.000000000000000E-007
        1755  4.000000000000000E-007
        1756  7.000000000000000E-007
        1757  5.000000000000000E-007
        1758  6.000000000000000E-007
        1759  8.000000000000000E-007
        1760  8.000000000000000E-007
        1761  7.000000000000000E-007
        1762  3.000000000000000E-007
        1763  6.000000000000000E-007
        1765  4.000000000000000E-007
        1766  4.000000000000000E-007
        1767  5.000000000000000E-007
        1768  4.000000000000000E-007
        1769  6.000000000000000E-007
        1770  4.000000000000000E-007
        1771  1.000000000000000E-007
        1772  2.000000000000000E-007
        1773  8.000000000000000E-007
        1774  3.000000000000000E-007
        1775  4.000000000000000E-007
        1776  3.000000000000000E-007
        1777  4.000000000000000E-007
        1778  7.000000000000000E-007
        1779  1.000000000000000E-007
        1780  1.100000000000000E-006
        1781  1.000000000000000E-007
        1782  6.000000000000000E-007
        1783  1.000000000000000E-007
        1784  2.000000000000000E-007
        1785  4.000000000000000E-007
        1786  4.000000000000000E-007
        1787  4.000000000000000E-007
        1788  3.000000000000000E-007
        1789  5.000000000000000E-007
        1790  5.000000000000000E-007
        1791  7.000000000000000E-007
        1792  3.000000000000000E-007
        1793  6.000000000000000E-007
        1794  4.000000000000000E-007
        1795  5.000000000000000E-007
        1796  8.000000000000000E-007
        1797  8.000000000000000E-007
        1798  1.000000000000000E-007
        1799  5.000000000000000E-007
        1800  4.000000000000000E-007
        1801  1.000000000000000E-006
        1802  6.000000000000000E-007
        1803  2.000000000000000E-007
        1804  1.000000000000000E-007
        1805  2.000000000000000E-007
        1806  5.000000000000000E-007
        1807  6.000000000000000E-007
        1808  7.000000000000000E-007
        1810  3.000000000000000E-007
        1811  5.000000000000000E-007
        1812  5.000000000000000E-007
        1813  3.000000000000000E-007
        1814  6.000000000000000E-007
        1815  4.000000000000000E-007
        1816  6.000000000000000E-007
        1817  2.000000000000000E-007
        1818  6.000000000000000E-007
        1819  3.000000000000000E-007
        1820  5.000000000000000E-007
        1821  5.000000000000000E-007
        1822  4.000000000000000E-007
        1823  3.000000000000000E-007
        1824  7.000000000000000E-007
        1825  3.000000000000000E-007
        1826  2.000000000000000E-007
        1827  6.000000000000000E-007
        1828  6.000000000000000E-007
        1829  3.000000000000000E-007
        1830  3.000000000000000E-007
        1831  3.000000000000000E-007
        1832  3.000000000000000E-007
        1833  5.000000000000000E-007
        1834  1.000000000000000E-007
        1835  1.000000000000000E-006
        1836  6.000000000000000E-007
        1837  5.000000000000000E-007
        1838  2.000000000000000E-007
        1839  1.000000000000000E-007
        1840  7.000000000000000E-007
        1841  5.000000000000000E-007
        1842  6.000000000000000E-007
        1843  8.000000000000000E-007
        1844  5.000000000000000E-007
        1845  3.000000000000000E-007
        1846  5.000000000000000E-007
        1847  4.000000000000000E-007
        1848  3.000000000000000E-007
        1849  8.000000000000000E-007
        1850  2.000000000000000E-007
        1851  4.000000000000000E-007
        1852  3.000000000000000E-007
        1853  1.000000000000000E-007
        1854  3.000000000000000E-007
        1855  6.000000000000000E-007
        1856  7.000000000000000E-007
        1857  6.000000000000000E-007
        1858  6.000000000000000E-007
        1859  3.000000000000000E-007
        1860  4.000000000000000E-007
        1861  5.000000000000000E-007
        1862  3.000000000000000E-007
        1863  3.000000000000000E-007
        1864  4.000000000000000E-007
        1865  5.000000000000000E-007
        1866  4.000000000000000E-007
        1867  4.000000000000000E-007
        1868  3.000000000000000E-007
        1869  7.000000000000000E-007
        1870  5.000000000000000E-007
        1871  2.000000000000000E-007
        1872  8.000000000000000E-007
        1873  4.000000000000000E-007
        1874  5.000000000000000E-007
        1875  3.000000000000000E-007
        1876  3.000000000000000E-007
        1877  8.000000000000000E-007
        1878  1.000000000000000E-007
        1879  3.000000000000000E-007
        1880  8.000000000000000E-007
        1881  6.000000000000000E-007
        1882  2.000000000000000E-007
        1883  4.000000000000000E-007
        1884  5.000000000000000E-007
        1885  2.000000000000000E-007
        1886  6.000000000000000E-007
        1887  3.000000000000000E-007
        1888  4.000000000000000E-007
        1889  4.000000000000000E-007
        1890  5.000000000000000E-007
        1891  7.000000000000000E-007
        1892  2.000000000000000E-007
        1893  4.000000000000000E-007
        1894  4.000000000000000E-007
        1895  3.000000000000000E-007
        1896  2.000000000000000E-007
        1897  4.000000000000000E-007
        1898  6.000000000000000E-007
        1899  3.000000000000000E-007
        1900  3.000000000000000E-007
        1901  2.000000000000000E-007
        1902  5.000000000000000E-007
        1903  2.000000000000000E-007
        1904  7.000000000000000E-007
        1905  5.000000000000000E-007
        1906  2.000000000000000E-007
        1907  1.000000000000000E-007
        1908  2.000000000000000E-007
        1909  1.000000000000000E-007
        1910  4.000000000000000E-007
        1911  6.000000000000000E-007
        1912  5.000000000000000E-007
        1913  7.000000000000000E-007
        1914  4.000000000000000E-007
        1915  3.000000000000000E-007
        1916  2.000000000000000E-007
        1917  8.000000000000000E-007
        1918  5.000000000000000E-007
        1919  2.000000000000000E-007
        1920  3.000000000000000E-007
        1921  3.000000000000000E-007
        1922  4.000000000000000E-007
        1923  8.000000000000000E-007
        1924  8.000000000000000E-007
        1925  6.000000000000000E-007
        1926  2.000000000000000E-007
        1927  3.000000000000000E-007
        1928  6.000000000000000E-007
        1929  3.000000000000000E-007
        1930  2.000000000000000E-007
        1931  3.000000000000000E-007
        1932  5.000000000000000E-007
        1933  3.000000000000000E-007
        1934  5.000000000000000E-007
        1935  4.000000000000000E-007
        1936  1.000000000000000E-007
        1937  5.000000000000000E-007
        1938  4.000000000000000E-007
        1939  3.000000000000000E-007
        1940  4.000000000000000E-007
        1941  5.000000000000000E-007
        1942  3.000000000000000E-007
        1943  2.000000000000000E-007
        1944  4.000000000000000E-007
        1945  6.000000000000000E-007
        1946  5.000000000000000E-007
        1947  8.000000000000000E-007
        1948  4.000000000000000E-007
        1949  6.000000000000000E-007
        1950  4.000000000000000E-007
        1951  3.000000000000000E-007
        1952  4.000000000000000E-007
        1953  3.000000000000000E-007
        1954  3.000000000000000E-007
        1955  4.000000000000000E-007
        1956  4.000000000000000E-007
        1957  3.000000000000000E-007
        1958  1.000000000000000E-007
        1959  7.000000000000000E-007
        1960  1.000000000000000E-007
        1961  5.000000000000000E-007
        1962  3.000000000000000E-007
        1963  6.000000000000000E-007
        1964  3.000000000000000E-007
        1965  9.000000000000000E-007
        1966  3.000000000000000E-007
        1967  4.000000000000000E-007
        1968  2.000000000000000E-007
        1969  1.000000000000000E-007
        1970  3.000000000000000E-007
        1971  4.000000000000000E-007
        1972  2.000000000000000E-007
        1973  5.000000000000000E-007
        1974  3.000000000000000E-007
        1975  8.000000000000000E-007
        1976  1.000000000000000E-007
        1977  4.000000000000000E-007
        1978  3.000000000000000E-007
        1979  1.000000000000000E-007
        1980  3.000000000000000E-007
        1981  3.000000000000000E-007
        1982  5.000000000000000E-007
        1983  5.000000000000000E-007
        1984  3.000000000000000E-007
        1985  5.000000000000000E-007
        1986  1.000000000000000E-007
        1987  2.000000000000000E-007
        1988  2.000000000000000E-007
        1989  6.000000000000000E-007
        1990  2.000000000000000E-007
        1991  2.000000000000000E-007
        1992  7.000000000000000E-007
        1993  2.000000000000000E-007
        1994  7.000000000000000E-007
        1995  4.000000000000000E-007
        1996  3.000000000000000E-007
        1997  5.000000000000000E-007
        1998  1.000000000000000E-007
        1999  4.000000000000000E-007
        2000  5.000000000000000E-007
        2001  5.000000000000000E-007
        2002  3.000000000000000E-007
        2003  4.000000000000000E-007
        2004  5.000000000000000E-007
        2005  2.000000000000000E-007
        2006  5.000000000000000E-007
        2007  3.000000000000000E-007
        2008  6.000000000000000E-007
        2009  2.000000000000000E-007
        2010  2.000000000000000E-007
        2011  4.000000000000000E-007
        2012  5.000000000000000E-007
        2013  1.000000000000000E-007
        2014  2.000000000000000E-007
        2015  6.000000000000000E-007
        2016  2.000000000000000E-007
        2017  2.000000000000000E-007
        2018  6.000000000000000E-007
        2019  5.000000000000000E-007
        2020  9.000000000000000E-007
        2021  6.000000000000000E-007
        2022  1.000000000000000E-007
        2023  2.000000000000000E-007
        2024  4.000000000000000E-007
        2026  3.000000000000000E-007
        2027  3.000000000000000E-007
        2028  3.000000000000000E-007
        2029  3.000000000000000E-007
        2030  5.000000000000000E-007
        2031  2.000000000000000E-007
        2032  2.000000000000000E-007
        2033  1.000000000000000E-007
        2034  3.000000000000000E-007
        2035  2.000000000000000E-007
        2036  2.000000000000000E-007
        2037  2.000000000000000E-007
        2038  3.000000000000000E-007
        2039  4.000000000000000E-007
        2040  3.000000000000000E-007
        2041  3.000000000000000E-007
        2042  6.000000000000000E-007
        2043  3.000000000000000E-007
        2044  5.000000000000000E-007
        2045  5.000000000000000E-007
        2046  3.000000000000000E-007
        2047  7.000000000000000E-007
        2048  1.000000000000000E-007
        2049  7.000000000000000E-007
        2050  2.000000000000000E-007
        2051  4.000000000000000E-007
        2052  3.000000000000000E-007
        2053  4.000000000000000E-007
        2054  7.000000000000000E-007
        2055  3.000000000000000E-007
        2056  5.000000000000000E-007
        2057  4.000000000000000E-007
        2058  4.000000000000000E-007
        2059  5.000000000000000E-007
        2060  3.000000000000000E-007
        2061  4.000000000000000E-007
        2062  1.000000000000000E-007
        2063  3.000000000000000E-007
        2064  4.000000000000000E-007
        2065  4.000000000000000E-007
        2066  1.000000000000000E-007
        2067  4.000000000000000E-007
        2068  3.000000000000000E-007
        2069  4.000000000000000E-007
        2070  1.000000000000000E-007
        2071  4.000000000000000E-007
        2072  2.000000000000000E-007
        2073  5.000000000000000E-007
        2074  3.000000000000000E-007
        2075  4.000000000000000E-007
        2076  6.000000000000000E-007
        2077  4.000000000000000E-007
        2078  8.000000000000000E-007
        2079  2.000000000000000E-007
        2080  3.000000000000000E-007
        2081  2.000000000000000E-007
        2082  5.000000000000000E-007
        2083  4.000000000000000E-007
        2084  2.000000000000000E-007
        2085  4.000000000000000E-007
        2086  4.000000000000000E-007
        2087  6.000000000000000E-007
        2088  3.000000000000000E-007
        2089  2.000000000000000E-007
        2090  3.000000000000000E-007
        2091  2.000000000000000E-007
        2092  1.000000000000000E-007
        2093  2.000000000000000E-007
        2094  4.000000000000000E-007
        2095  3.000000000000000E-007
        2096  3.000000000000000E-007
        2097  2.000000000000000E-007
        2098  3.000000000000000E-007
        2099  1.000000000000000E-007
        2100  5.000000000000000E-007
        2101  1.000000000000000E-007
        2102  3.000000000000000E-007
        2103  2.000000000000000E-007
        2104  2.000000000000000E-007
        2105  6.000000000000000E-007
        2106  4.000000000000000E-007
        2107  1.000000000000000E-007
        2108  3.000000000000000E-007
        2109  5.000000000000000E-007
        2110  2.000000000000000E-007
        2111  1.000000000000000E-007
        2112  5.000000000000000E-007
        2113  1.000000000000000E-007
        2114  6.000000000000000E-007
        2115  5.000000000000000E-007
        2116  1.000000000000000E-007
        2117  7.000000000000000E-007
        2118  1.000000000000000E-007
        2119  4.000000000000000E-007
        2120  2.000000000000000E-007
        2121  7.000000000000000E-007
        2122  3.000000000000000E-007
        2123  3.000000000000000E-007
        2124  1.000000000000000E-007
        2125  4.000000000000000E-007
        2126  4.000000000000000E-007
        2127  1.000000000000000E-006
        2128  4.000000000000000E-007
        2129  4.000000000000000E-007
        2131  2.000000000000000E-007
        2132  3.000000000000000E-007
        2133  3.000000000000000E-007
        2134  4.000000000000000E-007
        2135  1.000000000000000E-007
        2136  1.000000000000000E-007
        2137  3.000000000000000E-007
        2138  3.000000000000000E-007
        2139  5.000000000000000E-007
        2140  4.000000000000000E-007
        2141  2.000000000000000E-007
        2142  1.000000000000000E-007
        2143  3.000000000000000E-007
        2145  1.000000000000000E-007
        2146  3.000000000000000E-007
        2147  3.000000000000000E-007
        2149  2.000000000000000E-007
        2150  5.000000000000000E-007
        2151  5.000000000000000E-007
        2152  1.000000000000000E-007
        2153  5.000000000000000E-007
        2154  4.000000000000000E-007
        2155  5.000000000000000E-007
        2156  4.000000000000000E-007
        2157  2.000000000000000E-007
        2158  6.000000000000000E-007
        2159  5.000000000000000E-007
        2160  7.000000000000000E-007
        2161  2.000000000000000E-007
        2162  5.000000000000000E-007
        2163  2.000000000000000E-007
        2164  2.000000000000000E-007
        2165  1.000000000000000E-007
        2166  1.000000000000000E-007
        2167  4.000000000000000E-007
        2168  2.000000000000000E-007
        2169  3.000000000000000E-007
        2170  3.000000000000000E-007
        2171  2.000000000000000E-007
        2172  3.000000000000000E-007
        2173  3.000000000000000E-007
        2174  3.000000000000000E-007
        2175  3.000000000000000E-007
        2176  2.000000000000000E-007
        2177  1.000000000000000E-007
        2179  3.000000000000000E-007
        2180  5.000000000000000E-007
        2181  5.000000000000000E-007
        2182  5.000000000000000E-007
        2183  3.000000000000000E-007
        2184  4.000000000000000E-007
        2185  2.000000000000000E-007
        2186  1.000000000000000E-007
        2187  3.000000000000000E-007
        2188  4.000000000000000E-007
        2189  4.000000000000000E-007
        2190  3.000000000000000E-007
        2191  2.000000000000000E-007
        2192  7.000000000000000E-007
        2193  2.000000000000000E-007
        2194  3.000000000000000E-007
        2195  3.000000000000000E-007
        2196  2.000000000000000E-007
        2197  4.000000000000000E-007
        2198  1.000000000000000E-007
        2199  2.000000000000000E-007
        2200  1.000000000000000E-007
        2201  3.000000000000000E-007
        2202  4.000000000000000E-007
        2204  3.000000000000000E-007
        2205  6.000000000000000E-007
        2206  1.000000000000000E-007
        2207  3.000000000000000E-007
        2208  4.000000000000000E-007
        2209  5.000000000000000E-007
        2210  3.000000000000000E-007
        2211  3.000000000000000E-007
        2212  2.000000000000000E-007
        2213  5.000000000000000E-007
        2214  2.000000000000000E-007
        2215  8.000000000000000E-007
        2216  3.000000000000000E-007
        2217  5.000000000000000E-007
        2218  3.000000000000000E-007
        2219  4.000000000000000E-007
        2220  1.000000000000000E-007
        2221  3.000000000000000E-007
        2222  1.000000000000000E-007
        2223  2.000000000000000E-007
        2224  2.000000000000000E-007
        2225  3.000000000000000E-007
        2226  4.000000000000000E-007
        2227  1.000000000000000E-007
        2228  3.000000000000000E-007
        2229  3.000000000000000E-007
        2230  3.000000000000000E-007
        2231  5.000000000000000E-007
        2232  4.000000000000000E-007
        2233  4.000000000000000E-007
        2234  1.000000000000000E-007
        2235  1.000000000000000E-007
        2236  4.000000000000000E-007
        2237  2.000000000000000E-007
        2238  4.000000000000000E-007
        2239  3.000000000000000E-007
        2240  1.000000000000000E-007
        2241  4.000000000000000E-007
        2242  5.000000000000000E-007
        2243  4.000000000000000E-007
        2244  3.000000000000000E-007
        2245  4.000000000000000E-007
        2246  3.000000000000000E-007
        2247  3.000000000000000E-007
        2248  2.000000000000000E-007
        2249  3.000000000000000E-007
        2250  1.000000000000000E-007
        2251  2.000000000000000E-007
        2253  3.000000000000000E-007
        2254  3.000000000000000E-007
        2255  4.000000000000000E-007
        2256  3.000000000000000E-007
        2258  5.000000000000000E-007
        2259  2.000000000000000E-007
        2260  1.000000000000000E-007
        2261  2.000000000000000E-007
        2262  2.000000000000000E-007
        2263  4.000000000000000E-007
        2264  2.000000000000000E-007
        2265  2.000000000000000E-007
        2266  3.000000000000000E-007
        2267  2.000000000000000E-007
        2268  6.000000000000000E-007
        2269  2.000000000000000E-007
        2270  2.000000000000000E-007
        2271  1.000000000000000E-007
        2272  3.000000000000000E-007
        2273  2.000000000000000E-007
        2274  4.000000000000000E-007
        2275  2.000000000000000E-007
        2276  2.000000000000000E-007
        2277  2.000000000000000E-007
        2279  1.000000000000000E-007
        2280  2.000000000000000E-007
        2281  4.000000000000000E-007
        2282  6.000000000000000E-007
        2283  5.000000000000000E-007
        2284  2.000000000000000E-007
        2285  5.000000000000000E-007
        2286  1.000000000000000E-007
        2288  4.000000000000000E-007
        2289  2.000000000000000E-007
        2290  1.000000000000000E-007
        2291  2.000000000000000E-007
        2294  2.000000000000000E-007
        2295  2.000000000000000E-007
        2296  4.000000000000000E-007
        2297  4.000000000000000E-007
        2298  3.000000000000000E-007
        2299  1.000000000000000E-007
        2300  5.000000000000000E-007
        2301  3.000000000000000E-007
        2302  1.100000000000000E-006
        2303  2.000000000000000E-007
        2304  5.000000000000000E-007
        2305  1.000000000000000E-007
        2306  2.000000000000000E-007
        2307  5.000000000000000E-007
        2308  1.000000000000000E-007
        2309  4.000000000000000E-007
        2310  6.000000000000000E-007
        2311  1.000000000000000E-007
        2312  4.000000000000000E-007
        2313  4.000000000000000E-007
        2314  1.000000000000000E-007
        2315  4.000000000000000E-007
        2316  2.000000000000000E-007
        2317  1.000000000000000E-007
        2318  4.000000000000000E-007
        2319  3.000000000000000E-007
        2320  3.000000000000000E-007
        2321  2.000000000000000E-007
        2322  3.000000000000000E-007
        2324  7.000000000000000E-007
        2325  2.000000000000000E-007
        2326  2.000000000000000E-007
        2327  3.000000000000000E-007
        2328  1.000000000000000E-007
        2329  1.000000000000000E-007
        2330  4.000000000000000E-007
        2331  2.000000000000000E-007
        2332  4.000000000000000E-007
        2333  5.000000000000000E-007
        2334  2.000000000000000E-007
        2335  3.000000000000000E-007
        2336  4.000000000000000E-007
        2337  7.000000000000000E-007
        2338  1.000000000000000E-007
        2339  3.000000000000000E-007
        2340  1.000000000000000E-007
        2341  6.000000000000000E-007
        2342  2.000000000000000E-007
        2343  4.000000000000000E-007
        2344  2.000000000000000E-007
        2345  3.000000000000000E-007
        2346  2.000000000000000E-007
        2347  1.000000000000000E-007
        2348  2.000000000000000E-007
        2350  2.000000000000000E-007
        2351  6.000000000000000E-007
        2352  2.000000000000000E-007
        2353  2.000000000000000E-007
        2354  3.000000000000000E-007
        2355  6.000000000000000E-007
        2356  2.000000000000000E-007
        2357  1.000000000000000E-007
        2358  3.000000000000000E-007
        2359  3.000000000000000E-007
        2360  3.000000000000000E-007
        2361  4.000000000000000E-007
        2362  4.000000000000000E-007
        2363  3.000000000000000E-007
        2364  5.000000000000000E-007
        2365  4.000000000000000E-007
        2367  2.000000000000000E-007
        2368  5.000000000000000E-007
        2369  5.000000000000000E-007
        2370  1.000000000000000E-007
        2371  3.000000000000000E-007
        2372  2.000000000000000E-007
        2373  4.000000000000000E-007
        2374  3.000000000000000E-007
        2376  2.000000000000000E-007
        2377  3.000000000000000E-007
        2378  7.000000000000000E-007
        2379  4.000000000000000E-007
        2380  4.000000000000000E-007
        2381  2.000000000000000E-007
        2382  2.000000000000000E-007
        2383  2.000000000000000E-007
        2384  5.000000000000000E-007
        2385  7.000000000000000E-007
        2387  2.000000000000000E-007
        2388  1.000000000000000E-007
        2389  1.000000000000000E-007
        2390  1.000000000000000E-007
        2391  1.000000000000000E-007
        2392  6.000000000000000E-007
        2393  2.000000000000000E-007
        2394  5.000000000000000E-007
        2395  2.000000000000000E-007
        2396  2.000000000000000E-007
        2397  7.000000000000000E-007
        2399  1.000000000000000E-007
        2400  3.000000000000000E-007
        2401  2.000000000000000E-007
        2402  6.000000000000000E-007
        2403  2.000000000000000E-007
        2404  4.000000000000000E-007
        2405  4.000000000000000E-007
        2406  6.000000000000000E-007
        2407  2.000000000000000E-007
        2408  3.000000000000000E-007
        2409  1.000000000000000E-007
        2410  2.000000000000000E-007
        2411  2.000000000000000E-007
        2412  3.000000000000000E-007
        2413  4.000000000000000E-007
        2414  4.000000000000000E-007
        2415  5.000000000000000E-007
        2416  2.000000000000000E-007
        2417  2.000000000000000E-007
        2418  2.000000000000000E-007
        2419  3.000000000000000E-007
        2420  2.000000000000000E-007
        2421  2.000000000000000E-007
        2422  1.000000000000000E-007
        2423  6.000000000000000E-007
        2424  3.000000000000000E-007
        2425  4.000000000000000E-007
        2426  3.000000000000000E-007
        2428  2.000000000000000E-007
        2429  4.000000000000000E-007
        2430  2.000000000000000E-007
        2431  2.000000000000000E-007
        2432  2.000000000000000E-007
        2433  2.000000000000000E-007
        2434  6.000000000000000E-007
        2435  1.000000000000000E-007
        2436  5.000000000000000E-007
        2437  1.000000000000000E-007
        2439  3.000000000000000E-007
        2440  2.000000000000000E-007
        2441  1.000000000000000E-007
        2442  3.000000000000000E-007
        2443  3.000000000000000E-007
        2444  1.000000000000000E-007
        2445  2.000000000000000E-007
        2446  2.000000000000000E-007
        2447  3.000000000000000E-007
        2448  1.000000000000000E-007
        2451  4.000000000000000E-007
        2452  3.000000000000000E-007
        2453  2.000000000000000E-007
        2454  2.000000000000000E-007
        2455  4.000000000000000E-007
        2456  4.000000000000000E-007
        2457  1.000000000000000E-007
        2458  6.000000000000000E-007
        2459  3.000000000000000E-007
        2460  1.000000000000000E-007
        2461  2.000000000000000E-007
        2462  4.000000000000000E-007
        2463  3.000000000000000E-007
        2464  4.000000000000000E-007
        2465  4.000000000000000E-007
        2466  1.000000000000000E-007
        2467  2.000000000000000E-007
        2469  1.000000000000000E-007
        2470  1.000000000000000E-007
        2471  4.000000000000000E-007
        2472  5.000000000000000E-007
        2473  1.000000000000000E-007
        2474  1.000000000000000E-007
        2475  2.000000000000000E-007
        2476  2.000000000000000E-007
        2477  1.000000000000000E-007
        2478  1.000000000000000E-007
        2479  1.000000000000000E-007
        2480  3.000000000000000E-007
        2481  2.000000000000000E-007
        2482  5.000000000000000E-007
        2483  3.000000000000000E-007
        2484  3.000000000000000E-007
        2485  1.000000000000000E-007
        2486  1.000000000000000E-007
        2487  4.000000000000000E-007
        2488  1.000000000000000E-007
        2489  1.000000000000000E-007
        2490  1.000000000000000E-007
        2491  5.000000000000000E-007
        2492  3.000000000000000E-007
        2493  2.000000000000000E-007
        2494  1.000000000000000E-007
        2495  2.000000000000000E-007
        2496  3.000000000000000E-007
        2497  3.000000000000000E-007
        2498  5.000000000000000E-007
        2499  2.000000000000000E-007
        2500  2.000000000000000E-007
        2502  1.000000000000000E-007
        2504  1.000000000000000E-007
        2505  6.000000000000000E-007
        2506  2.000000000000000E-007
        2507  4.000000000000000E-007
        2508  4.000000000000000E-007
        2509  2.000000000000000E-007
        2511  4.000000000000000E-007
        2512  1.000000000000000E-007
        2513  4.000000000000000E-007
        2514  2.000000000000000E-007
        2515  2.000000000000000E-007
        2516  6.000000000000000E-007
        2518  1.000000000000000E-007
        2519  1.000000000000000E-007
        2520  3.000000000000000E-007
        2521  2.000000000000000E-007
        2522  3.000000000000000E-007
        2523  1.000000000000000E-007
        2524  4.000000000000000E-007
        2527  7.000000000000000E-007
        2528  1.000000000000000E-007
        2529  2.000000000000000E-007
        2531  4.000000000000000E-007
        2532  4.000000000000000E-007
        2533  2.000000000000000E-007
        2534  1.000000000000000E-007
        2535  2.000000000000000E-007
        2536  5.000000000000000E-007
        2538  1.000000000000000E-007
        2539  1.000000000000000E-007
        2540  2.000000000000000E-007
        2541  1.000000000000000E-007
        2542  4.000000000000000E-007
        2543  1.000000000000000E-007
        2545  1.000000000000000E-007
        2546  4.000000000000000E-007
        2547  3.000000000000000E-007
        2548  4.000000000000000E-007
        2549  2.000000000000000E-007
        2550  3.000000000000000E-007
        2551  2.000000000000000E-007
        2552  3.000000000000000E-007
        2553  1.000000000000000E-007
        2555  3.000000000000000E-007
        2556  2.000000000000000E-007
        2557  2.000000000000000E-007
        2559  1.000000000000000E-007
        2560  3.000000000000000E-007
        2561  1.000000000000000E-007
        2562  1.000000000000000E-007
        2563  2.000000000000000E-007
        2564  5.000000000000000E-007
        2565  1.000000000000000E-007
        2566  2.000000000000000E-007
        2567  3.000000000000000E-007
        2568  2.000000000000000E-007
        2569  3.000000000000000E-007
        2570  1.000000000000000E-007
        2571  2.000000000000000E-007
        2573  2.000000000000000E-007
        2574  4.000000000000000E-007
        2576  3.000000000000000E-007
        2578  4.000000000000000E-007
        2579  2.000000000000000E-007
        2580  3.000000000000000E-007
        2581  1.000000000000000E-007
        2582  2.000000000000000E-007
        2583  5.000000000000000E-007
        2584  4.000000000000000E-007
        2585  1.000000000000000E-007
        2586  2.000000000000000E-007
        2587  4.000000000000000E-007
        2588  3.000000000000000E-007
        2589  1.000000000000000E-007
        2590  3.000000000000000E-007
        2591  1.000000000000000E-007
        2592  1.000000000000000E-007
        2593  1.000000000000000E-007
        2594  1.000000000000000E-007
        2595  2.000000000000000E-007
        2596  2.000000000000000E-007
        2597  1.000000000000000E-007
        2598  2.000000000000000E-007
        2599  2.000000000000000E-007
        2601  1.000000000000000E-007
        2603  2.000000000000000E-007
        2604  2.000000000000000E-007
        2608  2.000000000000000E-007
        2610  2.000000000000000E-007
        2611  3.000000000000000E-007
        2612  2.000000000000000E-007
        2613  2.000000000000000E-007
        2614  4.000000000000000E-007
        2615  2.000000000000000E-007
        2616  3.000000000000000E-007
        2618  6.000000000000000E-007
        2620  3.000000000000000E-007
        2621  3.000000000000000E-007
        2622  2.000000000000000E-007
        2623  1.000000000000000E-007
        2624  1.000000000000000E-007
        2625  6.000000000000000E-007
        2626  2.000000000000000E-007
        2627  3.000000000000000E-007
        2628  1.000000000000000E-007
        2629  4.000000000000000E-007
        2630  2.000000000000000E-007
        2631  1.000000000000000E-007
        2632  2.000000000000000E-007
        2633  4.000000000000000E-007
        2634  2.000000000000000E-007
        2635  1.000000000000000E-007
        2636  2.000000000000000E-007
        2638  4.000000000000000E-007
        2639  1.000000000000000E-007
        2641  5.000000000000000E-007
        2642  2.000000000000000E-007
        2643  2.000000000000000E-007
        2644  2.000000000000000E-007
        2645  2.000000000000000E-007
        2646  3.000000000000000E-007
        2647  4.000000000000000E-007
        2649  1.000000000000000E-007
        2650  6.000000000000000E-007
        2651  3.000000000000000E-007
        2652  2.000000000000000E-007
        2653  2.000000000000000E-007
        2654  1.000000000000000E-007
        2655  2.000000000000000E-007
        2656  1.000000000000000E-007
        2657  1.000000000000000E-007
        2658  3.000000000000000E-007
        2659  2.000000000000000E-007
        2660  2.000000000000000E-007
        2662  2.000000000000000E-007
        2663  1.000000000000000E-007
        2664  2.000000000000000E-007
        2665  1.000000000000000E-007
        2666  3.000000000000000E-007
        2667  2.000000000000000E-007
        2668  1.000000000000000E-007
        2669  2.000000000000000E-007
        2670  3.000000000000000E-007
        2671  3.000000000000000E-007
        2673  4.000000000000000E-007
        2674  3.000000000000000E-007
        2675  1.000000000000000E-007
        2676  2.000000000000000E-007
        2677  4.000000000000000E-007
        2679  1.000000000000000E-007
        2680  1.000000000000000E-007
        2681  1.000000000000000E-007
        2682  3.000000000000000E-007
        2683  4.000000000000000E-007
        2684  3.000000000000000E-007
        2685  3.000000000000000E-007
        2686  3.000000000000000E-007
        2687  1.000000000000000E-007
        2688  1.000000000000000E-007
        2690  2.000000000000000E-007
        2691  2.000000000000000E-007
        2693  5.000000000000000E-007
        2694  2.000000000000000E-007
        2695  2.000000000000000E-007
        2696  1.000000000000000E-007
        2697  3.000000000000000E-007
        2698  2.000000000000000E-007
        2699  2.000000000000000E-007
        2700  3.000000000000000E-007
        2701  4.000000000000000E-007
        2702  2.000000000000000E-007
        2703  1.000000000000000E-007
        2704  1.000000000000000E-007
        2705  4.000000000000000E-007
        2706  1.000000000000000E-007
        2707  4.000000000000000E-007
        2708  3.000000000000000E-007
        2709  2.000000000000000E-007
        2710  4.000000000000000E-007
        2711  2.000000000000000E-007
        2712  1.000000000000000E-007
        2714  1.000000000000000E-007
        2715  2.000000000000000E-007
        2716  2.000000000000000E-007
        2717  4.000000000000000E-007
        2718  5.000000000000000E-007
        2719  1.000000000000000E-007
        2720  3.000000000000000E-007
        2721  7.000000000000000E-007
        2723  5.000000000000000E-007
        2724  2.000000000000000E-007
        2726  2.000000000000000E-007
        2727  2.000000000000000E-007
        2728  2.000000000000000E-007
        2729  1.000000000000000E-007
        2730  3.000000000000000E-007
        2732  1.000000000000000E-007
        2733  2.000000000000000E-007
        2734  2.000000000000000E-007
        2735  3.000000000000000E-007
        2736  3.000000000000000E-007
        2737  1.000000000000000E-007
        2738  3.000000000000000E-007
        2739  1.000000000000000E-007
        2740  2.000000000000000E-007
        2741  1.000000000000000E-007
        2742  2.000000000000000E-007
        2743  2.000000000000000E-007
        2744  1.000000000000000E-007
        2745  1.000000000000000E-007
        2746  4.000000000000000E-007
        2747  2.000000000000000E-007
        2748  1.000000000000000E-007
        2749  3.000000000000000E-007
        2750  2.000000000000000E-007
        2751  2.000000000000000E-007
        2753  2.000000000000000E-007
        2754  3.000000000000000E-007
        2756  2.000000000000000E-007
        2757  1.000000000000000E-007
        2758  5.000000000000000E-007
        2761  1.000000000000000E-007
        2763  3.000000000000000E-007
        2764  2.000000000000000E-007
        2765  2.000000000000000E-007
        2766  2.000000000000000E-007
        2767  2.000000000000000E-007
        2768  3.000000000000000E-007
        2770  1.000000000000000E-007
        2771  4.000000000000000E-007
        2772  2.000000000000000E-007
        2773  1.000000000000000E-007
        2774  1.000000000000000E-007
        2775  1.000000000000000E-007
        2776  1.000000000000000E-007
        2777  4.000000000000000E-007
        2778  4.000000000000000E-007
        2779  3.000000000000000E-007
        2780  2.000000000000000E-007
        2781  1.000000000000000E-007
        2782  1.000000000000000E-007
        2783  1.000000000000000E-007
        2784  3.000000000000000E-007
        2785  2.000000000000000E-007
        2786  2.000000000000000E-007
        2787  5.000000000000000E-007
        2788  1.000000000000000E-007
        2789  3.000000000000000E-007
        2790  4.000000000000000E-007
        2792  2.000000000000000E-007
        2793  2.000000000000000E-007
        2794  4.000000000000000E-007
        2795  1.000000000000000E-007
        2796  3.000000000000000E-007
        2797  2.000000000000000E-007
        2798  3.000000000000000E-007
        2799  2.000000000000000E-007
        2800  2.000000000000000E-007
        2801  3.000000000000000E-007
        2802  1.000000000000000E-007
        2803  1.000000000000000E-007
        2804  1.000000000000000E-007
        2806  1.000000000000000E-007
        2807  4.000000000000000E-007
        2808  2.000000000000000E-007
        2811  2.000000000000000E-007
        2812  4.000000000000000E-007
        2813  3.000000000000000E-007
        2814  1.000000000000000E-007
        2815  3.000000000000000E-007
        2816  2.000000000000000E-007
        2817  1.000000000000000E-007
        2818  1.000000000000000E-007
        2819  1.000000000000000E-007
        2820  3.000000000000000E-007
        2821  1.000000000000000E-007
        2822  2.000000000000000E-007
        2824  4.000000000000000E-007
        2825  3.000000000000000E-007
        2826  1.000000000000000E-007
        2827  4.000000000000000E-007
        2830  2.000000000000000E-007
        2831  2.000000000000000E-007
        2832  2.000000000000000E-007
        2833  5.000000000000000E-007
        2834  2.000000000000000E-007
        2835  2.000000000000000E-007
        2839  1.000000000000000E-007
        2840  3.000000000000000E-007
        2842  1.000000000000000E-007
        2843  1.000000000000000E-007
        2844  3.000000000000000E-007
        2846  2.000000000000000E-007
        2847  1.000000000000000E-007
        2849  1.000000000000000E-007
        2850  2.000000000000000E-007
        2851  1.000000000000000E-007
        2852  4.000000000000000E-007
        2854  3.000000000000000E-007
        2855  1.000000000000000E-007
        2856  4.000000000000000E-007
        2857  3.000000000000000E-007
        2858  4.000000000000000E-007
        2859  2.000000000000000E-007
        2860  1.000000000000000E-007
        2861  4.000000000000000E-007
        2863  2.000000000000000E-007
        2864  1.000000000000000E-007
        2865  1.000000000000000E-007
        2866  3.000000000000000E-007
        2867  3.000000000000000E-007
        2868  3.000000000000000E-007
        2869  1.000000000000000E-007
        2870  3.000000000000000E-007
        2871  1.000000000000000E-007
        2872  1.000000000000000E-007
        2873  1.000000000000000E-007
        2874  1.000000000000000E-007
        2876  5.000000000000000E-007
        2877  2.000000000000000E-007
        2878  1.000000000000000E-007
        2879  2.000000000000000E-007
        2881  1.000000000000000E-007
        2882  1.000000000000000E-007
        2883  1.000000000000000E-007
        2884  3.000000000000000E-007
        2885  4.000000000000000E-007
        2886  2.000000000000000E-007
        2887  2.000000000000000E-007
        2888  2.000000000000000E-007
        2889  1.000000000000000E-007
        2890  1.000000000000000E-007
        2891  5.000000000000000E-007
        2892  1.000000000000000E-007
        2894  3.000000000000000E-007
        2896  2.000000000000000E-007
        2897  4.000000000000000E-007
        2898  2.000000000000000E-007
        2899  3.000000000000000E-007
        2900  4.000000000000000E-007
        2901  2.000000000000000E-007
        2902  2.000000000000000E-007
        2904  1.000000000000000E-007
        2905  1.000000000000000E-007
        2906  2.000000000000000E-007
        2907  1.000000000000000E-007
        2908  2.000000000000000E-007
        2910  5.000000000000000E-007
        2911  3.000000000000000E-007
        2912  2.000000000000000E-007
        2913  2.000000000000000E-007
        2914  1.000000000000000E-007
        2916  1.000000000000000E-007
        2918  3.000000000000000E-007
        2919  2.000000000000000E-007
        2920  1.000000000000000E-007
        2922  1.000000000000000E-007
        2923  2.000000000000000E-007
        2924  5.000000000000000E-007
        2926  2.000000000000000E-007
        2927  1.000000000000000E-007
        2928  1.000000000000000E-007
        2929  2.000000000000000E-007
        2930  2.000000000000000E-007
        2931  4.000000000000000E-007
        2932  1.000000000000000E-007
        2933  2.000000000000000E-007
        2935  3.000000000000000E-007
        2936  4.000000000000000E-007
        2941  5.000000000000000E-007
        2942  3.000000000000000E-007
        2943  2.000000000000000E-007
        2944  3.000000000000000E-007
        2946  2.000000000000000E-007
        2948  2.000000000000000E-007
        2949  1.000000000000000E-007
        2951  2.000000000000000E-007
        2953  2.000000000000000E-007
        2954  4.000000000000000E-007
        2955  1.000000000000000E-007
        2956  1.000000000000000E-007
        2957  2.000000000000000E-007
        2958  1.000000000000000E-007
        2963  2.000000000000000E-007
        2965  3.000000000000000E-007
        2966  1.000000000000000E-007
        2967  1.000000000000000E-007
        2968  1.000000000000000E-007
        2969  2.000000000000000E-007
        2970  3.000000000000000E-007
        2972  4.000000000000000E-007
        2973  2.000000000000000E-007
        2974  2.000000000000000E-007
        2976  3.000000000000000E-007
        2979  2.000000000000000E-007
        2980  1.000000000000000E-007
        2981  1.000000000000000E-007
        2982  5.000000000000000E-007
        2983  2.000000000000000E-007
        2984  3.000000000000000E-007
        2985  1.000000000000000E-007
        2987  3.000000000000000E-007
        2988  1.000000000000000E-007
        2990  1.000000000000000E-007
        2993  2.000000000000000E-007
        2994  4.000000000000000E-007
        2995  1.000000000000000E-007
        2996  2.000000000000000E-007
        2997  1.000000000000000E-007
        2998  2.000000000000000E-007
        2999  3.000000000000000E-007
        3000  2.000000000000000E-007
        3002  2.000000000000000E-007
        3004  1.000000000000000E-007
        3005  2.000000000000000E-007
        3006  2.000000000000000E-007
        3007  1.000000000000000E-007
        3008  2.000000000000000E-007
        3009  3.000000000000000E-007
        3010  3.000000000000000E-007
        3011  2.000000000000000E-007
        3012  1.000000000000000E-007
        3013  2.000000000000000E-007
        3014  2.000000000000000E-007
        3015  1.000000000000000E-007
        3016  1.000000000000000E-007
        3017  2.000000000000000E-007
        3019  1.000000000000000E-007
        3020  1.000000000000000E-007
        3021  4.000000000000000E-007
        3022  3.000000000000000E-007
        3023  1.000000000000000E-007
        3024  1.000000000000000E-007
        3025  2.000000000000000E-007
        3026  1.000000000000000E-007
        3027  3.000000000000000E-007
        3028  1.000000000000000E-007
        3030  1.000000000000000E-007
        3032  2.000000000000000E-007
        3033  3.000000000000000E-007
        3034  2.000000000000000E-007
        3035  2.000000000000000E-007
        3036  1.000000000000000E-007
        3037  1.000000000000000E-007
        3038  2.000000000000000E-007
        3039  1.000000000000000E-007
        3040  1.000000000000000E-007
        3041  3.000000000000000E-007
        3042  3.000000000000000E-007
        3043  1.000000000000000E-007
        3044  2.000000000000000E-007
        3045  2.000000000000000E-007
        3046  2.000000000000000E-007
        3047  1.000000000000000E-007
        3048  3.000000000000000E-007
        3049  1.000000000000000E-007
        3050  4.000000000000000E-007
        3051  4.000000000000000E-007
        3052  1.000000000000000E-007
        3054  2.000000000000000E-007
        3056  4.000000000000000E-007
        3057  2.000000000000000E-007
        3058  4.000000000000000E-007
        3059  2.000000000000000E-007
        3060  2.000000000000000E-007
        3063  1.000000000000000E-007
        3064  4.000000000000000E-007
        3065  1.000000000000000E-007
        3066  3.000000000000000E-007
        3067  2.000000000000000E-007
        3068  1.000000000000000E-007
        3069  1.000000000000000E-007
        3070  1.000000000000000E-007
        3071  2.000000000000000E-007
        3072  2.000000000000000E-007
        3073  1.000000000000000E-007
        3074  1.000000000000000E-007
        3075  1.000000000000000E-007
        3076  1.000000000000000E-007
        3077  1.000000000000000E-007
        3078  4.000000000000000E-007
        3079  3.000000000000000E-007
        3080  2.000000000000000E-007
        3082  3.000000000000000E-007
        3083  4.000000000000000E-007
        3084  1.000000000000000E-007
        3087  3.000000000000000E-007
        3090  2.000000000000000E-007
        3091  2.000000000000000E-007
        3092  2.000000000000000E-007
        3093  1.000000000000000E-007
        3094  2.000000000000000E-007
        3095  2.000000000000000E-007
        3097  1.000000000000000E-007
        3098  1.000000000000000E-007
        3099  1.000000000000000E-007
        3100  2.000000000000000E-007
        3101  1.000000000000000E-007
        3102  2.000000000000000E-007
        3103  1.000000000000000E-007
        3104  1.000000000000000E-007
        3105  2.000000000000000E-007
        3106  2.000000000000000E-007
        3107  1.000000000000000E-007
        3108  1.000000000000000E-007
        3109  2.000000000000000E-007
        3110  3.000000000000000E-007
        3111  4.000000000000000E-007
        3112  1.000000000000000E-007
        3114  1.000000000000000E-007
        3115  1.000000000000000E-007
        3117  1.000000000000000E-007
        3119  2.000000000000000E-007
        3120  2.000000000000000E-007
        3121  2.000000000000000E-007
        3122  4.000000000000000E-007
        3125  1.000000000000000E-007
        3126  1.000000000000000E-007
        3127  1.000000000000000E-007
        3128  2.000000000000000E-007
        3129  1.000000000000000E-007
        3130  2.000000000000000E-007
        3132  2.000000000000000E-007
        3133  3.000000000000000E-007
        3134  1.000000000000000E-007
        3135  2.000000000000000E-007
        3136  2.000000000000000E-007
        3137  7.000000000000000E-007
        3139  2.000000000000000E-007
        3141  1.000000000000000E-007
        3142  1.000000000000000E-007
        3143  2.000000000000000E-007
        3144  1.000000000000000E-007
        3145  2.000000000000000E-007
        3146  3.000000000000000E-007
        3148  2.000000000000000E-007
        3149  3.000000000000000E-007
        3150  2.000000000000000E-007
        3151  1.000000000000000E-007
        3153  2.000000000000000E-007
        3156  1.000000000000000E-007
        3158  2.000000000000000E-007
        3159  1.000000000000000E-007
        3161  1.000000000000000E-007
